2025-07-28 20:21:18,588 INFO [home] home() called
2025-07-28 20:21:20,432 INFO [httpx] HTTP Request: GET https://evtable.com/all-manual-2024-03-09-1.js "HTTP/1.1 200 OK"
2025-07-28 20:21:20,495 INFO [fetch_evtable_data] Fetched 231 EV entries from rowData
2025-07-28 20:21:20,496 INFO [home] Rendering home with 231 EVs
2025-07-28 20:22:01,261 INFO [search_ev] search_ev() raw_query='a hatchback type with 4 seats ', sort=score_desc
2025-07-28 20:22:02,346 INFO [httpx] HTTP Request: GET https://evtable.com/all-manual-2024-03-09-1.js "HTTP/1.1 200 OK"
2025-07-28 20:22:02,405 INFO [fetch_evtable_data] Fetched 231 EV entries from rowData
2025-07-28 20:22:03,883 INFO [search_ev] Returning 231 results
2025-07-28 20:28:18,311 INFO [search_ev] search_ev() raw_query='a hatchback type with 4 seats ', sort=score_desc
2025-07-28 20:28:19,581 INFO [httpx] HTTP Request: GET https://evtable.com/all-manual-2024-03-09-1.js "HTTP/1.1 200 OK"
2025-07-28 20:28:19,789 INFO [fetch_evtable_data] Fetched 231 EV entries from rowData
2025-07-28 20:28:21,386 INFO [search_ev] Returning 231 results
2025-07-28 20:33:49,721 INFO [search_ev] search_ev() raw_query='a hatchback type with 4 seats ', sort=score_desc
2025-07-28 20:33:50,928 INFO [httpx] HTTP Request: GET https://evtable.com/all-manual-2024-03-09-1.js "HTTP/1.1 200 OK"
2025-07-28 20:33:51,094 INFO [fetch_evtable_data] Fetched 231 EV entries from rowData
2025-07-28 20:33:52,693 INFO [search_ev] Returning 231 results
2025-07-28 20:43:02,131 INFO [search_ev] search_ev() raw_query='a hatchback type with 4 seats ', sort=score_desc
2025-07-28 20:43:03,487 INFO [httpx] HTTP Request: GET https://evtable.com/all-manual-2024-03-09-1.js "HTTP/1.1 200 OK"
2025-07-28 20:43:03,696 INFO [fetch_evtable_data] Fetched 231 EV entries from rowData
2025-07-28 20:43:05,384 INFO [search_ev] Returning 231 results
2025-07-28 20:51:57,745 INFO [search_ev] search_ev() raw_query='a hatchback type with 4 seats ', sort=score_desc
2025-07-28 20:51:59,071 INFO [httpx] HTTP Request: GET https://evtable.com/all-manual-2024-03-09-1.js "HTTP/1.1 200 OK"
2025-07-28 20:51:59,148 INFO [fetch_evtable_data] Fetched 231 EV entries from rowData
2025-07-28 20:52:00,839 INFO [search_ev] Returning 231 results
2025-07-28 21:00:56,664 INFO [search_ev] search_ev() raw_query='a hatchback type with 4 seats ', sort=score_desc
2025-07-28 21:00:58,189 INFO [httpx] HTTP Request: GET https://evtable.com/all-manual-2024-03-09-1.js "HTTP/1.1 200 OK"
2025-07-28 21:00:58,302 INFO [fetch_evtable_data] Fetched 231 EV entries from rowData
2025-07-28 21:01:00,849 INFO [search_ev] Returning 231 results
2025-07-28 21:08:57,298 INFO [search_ev] search_ev() raw_query='a hatchback type with 4 seats ', sort=score_desc
2025-07-28 21:08:58,058 INFO [httpx] HTTP Request: GET https://evtable.com/all-manual-2024-03-09-1.js "HTTP/1.1 200 OK"
2025-07-28 21:08:58,115 INFO [fetch_evtable_data] Fetched 231 EV entries from rowData
2025-07-28 21:09:00,664 INFO [search_ev] Returning 231 results
2025-07-28 21:09:27,202 INFO [search_ev] search_ev() raw_query='suv with a fwd that has 5 seats', sort=score_desc
2025-07-28 21:09:27,880 INFO [httpx] HTTP Request: GET https://evtable.com/all-manual-2024-03-09-1.js "HTTP/1.1 200 OK"
2025-07-28 21:09:27,949 INFO [fetch_evtable_data] Fetched 231 EV entries from rowData
2025-07-28 21:09:28,160 INFO [search_ev] Returning 11 results
2025-07-28 21:13:09,888 INFO [search_ev] search_ev() raw_query='suv with a fwd that has 5 seats', sort=score_desc
2025-07-28 21:13:10,832 INFO [httpx] HTTP Request: GET https://evtable.com/all-manual-2024-03-09-1.js "HTTP/1.1 200 OK"
2025-07-28 21:13:10,995 INFO [fetch_evtable_data] Fetched 231 EV entries from rowData
2025-07-28 21:13:11,211 INFO [search_ev] Returning 11 results
2025-07-28 21:18:10,755 INFO [search_ev] search_ev() raw_query='suv with a fwd that has 5 seats', sort=score_desc
2025-07-28 21:18:11,660 INFO [httpx] HTTP Request: GET https://evtable.com/all-manual-2024-03-09-1.js "HTTP/1.1 200 OK"
2025-07-28 21:18:11,720 INFO [fetch_evtable_data] Fetched 231 EV entries from rowData
2025-07-28 21:18:11,939 INFO [search_ev] Returning 11 results
2025-07-28 21:21:28,900 INFO [search_ev] search_ev() raw_query='suv with a fwd that has 5 seats', sort=score_desc
2025-07-28 21:21:29,716 INFO [httpx] HTTP Request: GET https://evtable.com/all-manual-2024-03-09-1.js "HTTP/1.1 200 OK"
2025-07-28 21:21:29,887 INFO [fetch_evtable_data] Fetched 231 EV entries from rowData
2025-07-28 21:21:30,238 INFO [search_ev] Returning 11 results
2025-07-28 21:23:09,479 INFO [search_ev] search_ev() raw_query='suv with a fwd that has 5 seats', sort=score_desc
2025-07-28 21:23:10,618 INFO [httpx] HTTP Request: GET https://evtable.com/all-manual-2024-03-09-1.js "HTTP/1.1 200 OK"
2025-07-28 21:23:10,779 INFO [fetch_evtable_data] Fetched 231 EV entries from rowData
2025-07-28 21:23:10,971 INFO [search_ev] Returning 11 results
2025-07-28 21:26:52,889 INFO [search_ev] search_ev() raw_query='suv with a fwd that has 5 seats', sort=score_desc
2025-07-28 21:26:53,698 INFO [httpx] HTTP Request: GET https://evtable.com/all-manual-2024-03-09-1.js "HTTP/1.1 200 OK"
2025-07-28 21:26:53,754 INFO [fetch_evtable_data] Fetched 231 EV entries from rowData
2025-07-28 21:26:53,925 INFO [search_ev] Returning 11 results
2025-07-28 21:30:52,257 INFO [search_ev] search_ev() raw_query='suv with a fwd that has 5 seats', sort=score_desc
2025-07-28 21:30:52,996 INFO [httpx] HTTP Request: GET https://evtable.com/all-manual-2024-03-09-1.js "HTTP/1.1 200 OK"
2025-07-28 21:30:53,073 INFO [fetch_evtable_data] Fetched 231 EV entries from rowData
2025-07-28 21:30:53,368 INFO [search_ev] Returning 11 results
2025-07-28 21:56:14,998 INFO [home] home() called
2025-07-28 21:56:16,048 INFO [httpx] HTTP Request: GET https://evtable.com/all-manual-2024-03-09-1.js "HTTP/1.1 200 OK"
2025-07-28 21:56:16,110 INFO [fetch_evtable_data] Fetched 231 EV entries from rowData
2025-07-28 21:56:16,111 INFO [home] Rendering home with 231 EVs
2025-07-28 22:01:21,848 INFO [home] home() called
2025-07-28 22:01:22,650 INFO [httpx] HTTP Request: GET https://evtable.com/all-manual-2024-03-09-1.js "HTTP/1.1 200 OK"
2025-07-28 22:01:22,706 INFO [fetch_evtable_data] Fetched 231 EV entries from rowData
2025-07-28 22:01:22,707 INFO [home] Rendering home with 231 EVs
2025-07-28 22:18:11,119 INFO [home] home() called
2025-07-28 22:18:11,783 INFO [httpx] HTTP Request: GET https://evtable.com/all-manual-2024-03-09-1.js "HTTP/1.1 200 OK"
2025-07-28 22:18:11,853 INFO [fetch_evtable_data] Fetched 231 EV entries from rowData
2025-07-28 22:18:11,856 INFO [home] Rendering home with 231 EVs
2025-07-28 22:29:27,976 INFO [home] home() called
2025-07-28 22:29:29,325 INFO [httpx] HTTP Request: GET https://evtable.com/all-manual-2024-03-09-1.js "HTTP/1.1 200 OK"
2025-07-28 22:29:29,437 INFO [fetch_evtable_data] Fetched 231 EV entries from rowData
2025-07-28 22:29:29,439 INFO [home] Rendering home with 231 EVs
2025-07-28 22:30:08,066 INFO [search_ev] search_ev() raw_query='a hatchback type with 4 seats ', sort=score_desc
2025-07-28 22:30:08,920 INFO [httpx] HTTP Request: GET https://evtable.com/all-manual-2024-03-09-1.js "HTTP/1.1 200 OK"
2025-07-28 22:30:09,009 INFO [fetch_evtable_data] Fetched 231 EV entries from rowData
2025-07-28 22:30:11,520 INFO [search_ev] Returning 231 results
2025-07-28 22:34:39,620 INFO [search_ev] search_ev() raw_query='a hatchback type with 4 seats ', sort=score_desc
2025-07-28 22:34:40,302 INFO [httpx] HTTP Request: GET https://evtable.com/all-manual-2024-03-09-1.js "HTTP/1.1 200 OK"
2025-07-28 22:34:40,359 INFO [fetch_evtable_data] Fetched 231 EV entries from rowData
2025-07-28 22:34:42,808 INFO [search_ev] Returning 231 results
2025-07-28 22:36:51,507 INFO [search_ev] search_ev() raw_query='a hatchback type with 4 seats ', sort=score_desc
2025-07-28 22:36:52,325 INFO [httpx] HTTP Request: GET https://evtable.com/all-manual-2024-03-09-1.js "HTTP/1.1 200 OK"
2025-07-28 22:36:52,417 INFO [fetch_evtable_data] Fetched 231 EV entries from rowData
2025-07-28 22:36:54,845 INFO [search_ev] Returning 231 results
2025-07-28 22:46:46,524 INFO [home] home() called
2025-07-28 22:46:47,131 INFO [httpx] HTTP Request: GET https://evtable.com/all-manual-2024-03-09-1.js "HTTP/1.1 200 OK"
2025-07-28 22:46:47,182 INFO [fetch_evtable_data] Fetched 231 EV entries from rowData
2025-07-28 22:46:47,183 INFO [home] Rendering home with 231 EVs
2025-07-28 23:16:12,129 INFO [home] home() called
2025-07-28 23:16:12,728 INFO [httpx] HTTP Request: GET https://evtable.com/all-manual-2024-03-09-1.js "HTTP/1.1 200 OK"
2025-07-28 23:16:12,782 INFO [fetch_evtable_data] Fetched 231 EV entries from rowData
2025-07-28 23:16:12,783 INFO [home] Rendering home with 231 EVs
2025-07-28 23:22:18,180 INFO [home] home() called
2025-07-28 23:22:18,695 INFO [httpx] HTTP Request: GET https://evtable.com/all-manual-2024-03-09-1.js "HTTP/1.1 200 OK"
2025-07-28 23:22:18,752 INFO [fetch_evtable_data] Fetched 231 EV entries from rowData
2025-07-28 23:22:18,752 INFO [home] Rendering home with 231 EVs
2025-07-28 23:27:09,990 INFO [home] home() called
2025-07-28 23:27:10,642 INFO [httpx] HTTP Request: GET https://evtable.com/all-manual-2024-03-09-1.js "HTTP/1.1 200 OK"
2025-07-28 23:27:10,693 INFO [fetch_evtable_data] Fetched 231 EV entries from rowData
2025-07-28 23:27:10,694 INFO [home] Rendering home with 231 EVs
2025-07-28 23:28:55,980 INFO [home] home() called
2025-07-28 23:28:56,471 INFO [httpx] HTTP Request: GET https://evtable.com/all-manual-2024-03-09-1.js "HTTP/1.1 200 OK"
2025-07-28 23:28:56,523 INFO [fetch_evtable_data] Fetched 231 EV entries from rowData
2025-07-28 23:28:56,524 INFO [home] Rendering home with 231 EVs
2025-07-28 23:33:55,675 INFO [home] home() called
2025-07-28 23:33:56,200 INFO [httpx] HTTP Request: GET https://evtable.com/all-manual-2024-03-09-1.js "HTTP/1.1 200 OK"
2025-07-28 23:33:56,248 INFO [fetch_evtable_data] Fetched 231 EV entries from rowData
2025-07-28 23:33:56,250 INFO [home] Rendering home with 231 EVs
2025-07-28 23:40:30,099 INFO [home] home() called
2025-07-28 23:40:30,699 INFO [httpx] HTTP Request: GET https://evtable.com/all-manual-2024-03-09-1.js "HTTP/1.1 200 OK"
2025-07-28 23:40:30,751 INFO [fetch_evtable_data] Fetched 231 EV entries from rowData
2025-07-28 23:40:30,752 INFO [home] Rendering home with 231 EVs
2025-07-28 23:41:32,182 INFO [home] home() called
2025-07-28 23:41:32,625 INFO [httpx] HTTP Request: GET https://evtable.com/all-manual-2024-03-09-1.js "HTTP/1.1 200 OK"
2025-07-28 23:41:32,676 INFO [fetch_evtable_data] Fetched 231 EV entries from rowData
2025-07-28 23:41:32,676 INFO [home] Rendering home with 231 EVs
2025-07-28 23:41:49,776 INFO [home] home() called
2025-07-28 23:41:50,144 INFO [httpx] HTTP Request: GET https://evtable.com/all-manual-2024-03-09-1.js "HTTP/1.1 200 OK"
2025-07-28 23:41:50,194 INFO [fetch_evtable_data] Fetched 231 EV entries from rowData
2025-07-28 23:41:50,195 INFO [home] Rendering home with 231 EVs
2025-07-30 22:21:04,914 INFO [home] home() called
2025-07-30 22:21:05,808 INFO [httpx] HTTP Request: GET https://evtable.com/all-manual-2024-03-09-1.js "HTTP/1.1 200 OK"
2025-07-30 22:21:05,872 INFO [fetch_evtable_data] Fetched 231 EV entries from rowData
2025-07-30 22:21:05,873 INFO [home] Rendering home with 231 EVs
2025-07-30 22:29:29,618 INFO [home] home() called
2025-07-30 22:29:30,331 INFO [httpx] HTTP Request: GET https://evtable.com/all-manual-2024-03-09-1.js "HTTP/1.1 200 OK"
2025-07-30 22:29:30,487 INFO [fetch_evtable_data] Fetched 231 EV entries from rowData
2025-07-30 22:29:30,487 INFO [home] Rendering home with 231 EVs
2025-07-30 22:33:58,040 INFO [home] home() called
2025-07-30 22:33:58,625 INFO [httpx] HTTP Request: GET https://evtable.com/all-manual-2024-03-09-1.js "HTTP/1.1 200 OK"
2025-07-30 22:33:58,728 INFO [fetch_evtable_data] Fetched 231 EV entries from rowData
2025-07-30 22:33:58,728 INFO [home] Rendering home with 231 EVs
2025-07-30 22:43:18,872 INFO [home] home() called
2025-07-30 22:43:19,510 INFO [httpx] HTTP Request: GET https://evtable.com/all-manual-2024-03-09-1.js "HTTP/1.1 200 OK"
2025-07-30 22:43:19,563 INFO [fetch_evtable_data] Fetched 231 EV entries from rowData
2025-07-30 22:43:19,564 INFO [home] Rendering home with 231 EVs
2025-07-30 22:45:03,420 INFO [home] home() called
2025-07-30 22:45:03,929 INFO [httpx] HTTP Request: GET https://evtable.com/all-manual-2024-03-09-1.js "HTTP/1.1 200 OK"
2025-07-30 22:45:04,034 INFO [fetch_evtable_data] Fetched 231 EV entries from rowData
2025-07-30 22:45:04,034 INFO [home] Rendering home with 231 EVs
2025-07-30 22:45:44,933 INFO [search_ev] search_ev() raw_query='a hatchback type with 4 seats ', sort=score_desc
2025-07-30 22:45:45,375 INFO [httpx] HTTP Request: GET https://evtable.com/all-manual-2024-03-09-1.js "HTTP/1.1 200 OK"
2025-07-30 22:45:45,427 INFO [fetch_evtable_data] Fetched 231 EV entries from rowData
2025-07-30 22:45:47,182 INFO [search_ev] Returning 231 results
2025-07-30 22:54:58,641 INFO [search_ev] search_ev() raw_query='a hatchback type with 4 seats ', sort=score_desc
2025-07-30 22:54:59,246 INFO [httpx] HTTP Request: GET https://evtable.com/all-manual-2024-03-09-1.js "HTTP/1.1 200 OK"
2025-07-30 22:54:59,302 INFO [fetch_evtable_data] Fetched 231 EV entries from rowData
2025-07-30 22:55:01,461 INFO [search_ev] Returning 231 results
2025-07-30 23:06:58,869 INFO [home] home() called
2025-07-30 23:06:59,658 INFO [httpx] HTTP Request: GET https://evtable.com/all-manual-2024-03-09-1.js "HTTP/1.1 200 OK"
2025-07-30 23:06:59,863 INFO [fetch_evtable_data] Fetched 231 EV entries from rowData
2025-07-30 23:06:59,864 INFO [home] Rendering home with 231 EVs
2025-07-30 23:15:08,021 INFO [home] home() called
2025-07-30 23:15:08,535 INFO [httpx] HTTP Request: GET https://evtable.com/all-manual-2024-03-09-1.js "HTTP/1.1 200 OK"
2025-07-30 23:15:08,585 INFO [fetch_evtable_data] Fetched 231 EV entries from rowData
2025-07-30 23:15:08,585 INFO [home] Rendering home with 231 EVs
2025-07-30 23:29:19,626 INFO [home] home() called
2025-07-30 23:29:20,107 INFO [httpx] HTTP Request: GET https://evtable.com/all-manual-2024-03-09-1.js "HTTP/1.1 200 OK"
2025-07-30 23:29:20,157 INFO [fetch_evtable_data] Fetched 231 EV entries from rowData
2025-07-30 23:29:20,158 INFO [home] Rendering home with 231 EVs
2025-07-30 23:34:31,407 INFO [home] home() called
2025-07-30 23:34:32,092 INFO [httpx] HTTP Request: GET https://evtable.com/all-manual-2024-03-09-1.js "HTTP/1.1 200 OK"
2025-07-30 23:34:32,149 INFO [fetch_evtable_data] Fetched 231 EV entries from rowData
2025-07-30 23:34:32,149 INFO [home] Rendering home with 231 EVs
2025-07-30 23:39:48,454 INFO [home] home() called
2025-07-30 23:39:48,913 INFO [httpx] HTTP Request: GET https://evtable.com/all-manual-2024-03-09-1.js "HTTP/1.1 200 OK"
2025-07-30 23:39:48,966 INFO [fetch_evtable_data] Fetched 231 EV entries from rowData
2025-07-30 23:39:48,967 INFO [home] Rendering home with 231 EVs
2025-07-30 23:46:26,647 INFO [home] home() called
2025-07-30 23:46:27,365 INFO [httpx] HTTP Request: GET https://evtable.com/all-manual-2024-03-09-1.js "HTTP/1.1 200 OK"
2025-07-30 23:46:27,470 INFO [fetch_evtable_data] Fetched 231 EV entries from rowData
2025-07-30 23:46:27,470 INFO [home] Rendering home with 231 EVs
2025-07-31 16:58:35,592 INFO [home] home() called
2025-07-31 16:58:36,667 INFO [httpx] HTTP Request: GET https://evtable.com/all-manual-2024-03-09-1.js "HTTP/1.1 200 OK"
2025-07-31 16:58:36,874 INFO [fetch_evtable_data] Fetched 231 EV entries from rowData
2025-07-31 16:58:36,874 INFO [home] Rendering home with 231 EVs
2025-07-31 16:58:51,171 INFO [search_ev] search_ev() raw_query='a hatchback type with 4 seats ', sort=score_desc
2025-07-31 16:58:52,024 INFO [httpx] HTTP Request: GET https://evtable.com/all-manual-2024-03-09-1.js "HTTP/1.1 200 OK"
2025-07-31 16:58:52,113 INFO [fetch_evtable_data] Fetched 231 EV entries from rowData
2025-07-31 16:58:54,333 INFO [search_ev] Returning 231 results
2025-07-31 17:05:48,471 INFO [search_ev] search_ev() raw_query='a hatchback type with 4 seats ', sort=score_desc
2025-07-31 17:05:48,972 INFO [httpx] HTTP Request: GET https://evtable.com/all-manual-2024-03-09-1.js "HTTP/1.1 200 OK"
2025-07-31 17:05:49,026 INFO [fetch_evtable_data] Fetched 231 EV entries from rowData
2025-07-31 17:05:51,177 INFO [search_ev] Returning 231 results
2025-07-31 17:37:16,526 INFO [search_ev] search_ev() raw_query='a hatchback type with 4 seats ', sort=score_desc
2025-07-31 17:37:17,040 INFO [httpx] HTTP Request: GET https://evtable.com/all-manual-2024-03-09-1.js "HTTP/1.1 200 OK"
2025-07-31 17:37:17,096 INFO [fetch_evtable_data] Fetched 231 EV entries from rowData
2025-07-31 17:37:19,172 INFO [search_ev] Returning 231 results
2025-07-31 17:46:29,709 INFO [search_ev] search_ev() raw_query='a hatchback type with 4 seats ', sort=score_desc
2025-07-31 17:46:30,711 INFO [httpx] HTTP Request: GET https://evtable.com/all-manual-2024-03-09-1.js "HTTP/1.1 200 OK"
2025-07-31 17:46:30,918 INFO [fetch_evtable_data] Fetched 231 EV entries from rowData
2025-07-31 17:46:32,965 INFO [search_ev] Returning 231 results
2025-07-31 17:47:45,778 INFO [home] home() called
2025-07-31 17:47:46,393 INFO [httpx] HTTP Request: GET https://evtable.com/all-manual-2024-03-09-1.js "HTTP/1.1 200 OK"
2025-07-31 17:47:46,449 INFO [fetch_evtable_data] Fetched 231 EV entries from rowData
2025-07-31 17:47:46,450 INFO [home] Rendering home with 231 EVs
2025-07-31 17:50:29,840 INFO [home] home() called
2025-07-31 17:50:30,583 INFO [httpx] HTTP Request: GET https://evtable.com/all-manual-2024-03-09-1.js "HTTP/1.1 200 OK"
2025-07-31 17:50:30,638 INFO [fetch_evtable_data] Fetched 231 EV entries from rowData
2025-07-31 17:50:30,638 INFO [home] Rendering home with 231 EVs
2025-07-31 17:54:42,596 INFO [home] home() called
2025-07-31 17:54:43,143 INFO [httpx] HTTP Request: GET https://evtable.com/all-manual-2024-03-09-1.js "HTTP/1.1 200 OK"
2025-07-31 17:54:43,300 INFO [fetch_evtable_data] Fetched 231 EV entries from rowData
2025-07-31 17:54:43,301 INFO [home] Rendering home with 231 EVs
2025-07-31 17:59:26,673 INFO [home] home() called
2025-07-31 17:59:27,092 INFO [httpx] HTTP Request: GET https://evtable.com/all-manual-2024-03-09-1.js "HTTP/1.1 200 OK"
2025-07-31 17:59:27,145 INFO [fetch_evtable_data] Fetched 231 EV entries from rowData
2025-07-31 17:59:27,146 INFO [home] Rendering home with 231 EVs
2025-07-31 18:05:57,288 INFO [home] home() called
2025-07-31 18:05:57,772 INFO [httpx] HTTP Request: GET https://evtable.com/all-manual-2024-03-09-1.js "HTTP/1.1 200 OK"
2025-07-31 18:05:57,824 INFO [fetch_evtable_data] Fetched 231 EV entries from rowData
2025-07-31 18:05:57,825 INFO [home] Rendering home with 231 EVs
2025-07-31 18:06:11,839 INFO [search_ev] search_ev() raw_query='a hatchback type with 4 seats ', sort=score_desc
2025-07-31 18:06:12,456 INFO [httpx] HTTP Request: GET https://evtable.com/all-manual-2024-03-09-1.js "HTTP/1.1 200 OK"
2025-07-31 18:06:12,511 INFO [fetch_evtable_data] Fetched 231 EV entries from rowData
2025-07-31 18:06:14,622 INFO [search_ev] Returning 231 results
2025-07-31 18:10:26,653 INFO [home] home() called
2025-07-31 18:10:27,143 INFO [httpx] HTTP Request: GET https://evtable.com/all-manual-2024-03-09-1.js "HTTP/1.1 200 OK"
2025-07-31 18:10:27,195 INFO [fetch_evtable_data] Fetched 231 EV entries from rowData
2025-07-31 18:10:27,195 INFO [home] Rendering home with 231 EVs
2025-07-31 18:10:41,713 INFO [home] home() called
2025-07-31 18:10:42,082 INFO [httpx] HTTP Request: GET https://evtable.com/all-manual-2024-03-09-1.js "HTTP/1.1 200 OK"
2025-07-31 18:10:42,133 INFO [fetch_evtable_data] Fetched 231 EV entries from rowData
2025-07-31 18:10:42,133 INFO [home] Rendering home with 231 EVs
2025-07-31 18:14:06,980 INFO [home] home() called
2025-07-31 18:14:07,448 INFO [httpx] HTTP Request: GET https://evtable.com/all-manual-2024-03-09-1.js "HTTP/1.1 200 OK"
2025-07-31 18:14:07,498 INFO [fetch_evtable_data] Fetched 231 EV entries from rowData
2025-07-31 18:14:07,498 INFO [home] Rendering home with 231 EVs
2025-08-03 20:03:03,539 INFO [home] home() called
2025-08-03 20:03:04,964 INFO [httpx] HTTP Request: GET https://evtable.com/all-manual-2024-03-09-1.js "HTTP/1.1 200 OK"
2025-08-03 20:03:05,036 INFO [fetch_evtable_data] Fetched 231 EV entries from rowData
2025-08-03 20:03:05,037 INFO [home] Rendering home with 231 EVs
2025-08-03 20:11:11,878 INFO [home] home() called
2025-08-03 20:11:12,587 INFO [httpx] HTTP Request: GET https://evtable.com/all-manual-2024-03-09-1.js "HTTP/1.1 200 OK"
2025-08-03 20:11:12,639 INFO [fetch_evtable_data] Fetched 231 EV entries from rowData
2025-08-03 20:11:12,640 INFO [home] Rendering home with 231 EVs
2025-08-03 20:12:34,141 INFO [search_ev] search_ev() raw_query='a hatchback type with 4 seats ', sort=score_desc
2025-08-03 20:12:34,723 INFO [httpx] HTTP Request: GET https://evtable.com/all-manual-2024-03-09-1.js "HTTP/1.1 200 OK"
2025-08-03 20:12:34,878 INFO [fetch_evtable_data] Fetched 231 EV entries from rowData
2025-08-03 20:12:36,957 INFO [search_ev] Returning 231 results
2025-08-03 20:17:32,976 INFO [home] home() called
2025-08-03 20:17:33,651 INFO [httpx] HTTP Request: GET https://evtable.com/all-manual-2024-03-09-1.js "HTTP/1.1 200 OK"
2025-08-03 20:17:33,813 INFO [fetch_evtable_data] Fetched 231 EV entries from rowData
2025-08-03 20:17:33,813 INFO [home] Rendering home with 231 EVs
2025-08-03 20:25:50,483 INFO [home] Rendering minimal Home
2025-08-03 20:31:11,828 INFO [home] Rendering minimal Home
2025-08-03 20:31:18,449 INFO [home] Rendering minimal Home
2025-08-03 20:31:20,510 INFO [home] browse_all() called
2025-08-03 20:31:21,313 INFO [httpx] HTTP Request: GET https://evtable.com/all-manual-2024-03-09-1.js "HTTP/1.1 200 OK"
2025-08-03 20:31:21,401 INFO [fetch_evtable_data] Fetched 231 EV entries from rowData
2025-08-03 20:31:21,402 INFO [home] Rendering browse page with 231 EVs
2025-08-03 20:31:24,990 INFO [home] Rendering minimal Home
2025-08-03 20:31:28,782 INFO [home] browse_all() called
2025-08-03 20:31:29,761 INFO [httpx] HTTP Request: GET https://evtable.com/all-manual-2024-03-09-1.js "HTTP/1.1 200 OK"
2025-08-03 20:31:29,885 INFO [fetch_evtable_data] Fetched 231 EV entries from rowData
2025-08-03 20:31:29,886 INFO [home] Rendering browse page with 231 EVs
2025-08-03 20:31:39,283 INFO [home] Rendering minimal Home
2025-08-03 20:40:03,199 INFO [home] Rendering minimal Home
2025-08-03 20:45:31,765 INFO [home] Rendering minimal Home
2025-08-03 20:47:49,510 INFO [home] Rendering minimal Home
2025-08-03 20:48:16,378 INFO [home] Rendering minimal Home
2025-08-03 20:48:17,924 INFO [home] Rendering minimal Home
2025-08-03 20:48:19,341 INFO [home] Rendering minimal Home
2025-08-03 20:51:29,837 INFO [home] Rendering minimal Home
2025-08-03 20:53:37,732 INFO [home] Rendering minimal Home
2025-08-03 20:55:09,339 INFO [home] Rendering minimal Home
2025-08-03 20:56:50,396 INFO [home] Rendering minimal Home
2025-08-03 20:58:18,733 INFO [home] Rendering minimal Home
2025-08-03 20:58:38,646 INFO [home] Rendering minimal Home
2025-08-03 21:00:43,391 INFO [home] Rendering minimal Home
2025-08-03 21:00:49,007 INFO [home] Rendering minimal Home
2025-08-03 21:00:50,804 INFO [home] Rendering minimal Home
2025-08-03 21:00:52,189 INFO [home] Rendering minimal Home
2025-08-03 21:00:55,189 INFO [home] Rendering minimal Home
2025-08-03 21:00:56,774 INFO [home] Rendering minimal Home
2025-08-03 21:00:57,921 INFO [home] Rendering minimal Home
2025-08-03 21:00:59,608 INFO [home] Rendering minimal Home
2025-08-03 21:01:33,874 INFO [home] Rendering minimal Home
2025-08-03 21:01:39,454 INFO [home] Rendering minimal Home
2025-08-03 21:01:44,539 INFO [home] Rendering minimal Home
2025-08-03 21:01:47,202 INFO [home] Rendering minimal Home
2025-08-03 21:02:33,687 INFO [home] Rendering minimal Home
2025-08-03 21:02:37,206 INFO [home] Rendering minimal Home
2025-08-03 21:02:40,341 INFO [home] Rendering minimal Home
2025-08-03 21:02:41,569 INFO [home] Rendering minimal Home
2025-08-03 21:03:05,516 INFO [home] Rendering minimal Home
2025-08-03 21:03:08,772 INFO [home] Rendering minimal Home
2025-08-03 21:03:10,347 INFO [home] Rendering minimal Home
2025-08-03 21:03:12,144 INFO [home] Rendering minimal Home
2025-08-03 21:03:45,160 INFO [home] Rendering minimal Home
2025-08-03 21:03:53,325 INFO [home] Rendering minimal Home
2025-08-03 21:04:13,273 INFO [home] Rendering minimal Home
2025-08-03 21:04:19,991 INFO [home] Rendering minimal Home
2025-08-03 21:04:22,036 INFO [home] Rendering minimal Home
2025-08-03 21:06:31,159 INFO [home] Rendering minimal Home
2025-08-03 21:06:34,868 INFO [home] Rendering minimal Home
2025-08-03 21:06:36,290 INFO [home] Rendering minimal Home
2025-08-03 21:06:37,336 INFO [home] Rendering minimal Home
2025-08-03 21:06:38,206 INFO [home] Rendering minimal Home
2025-08-03 21:06:50,026 INFO [home] Rendering minimal Home
2025-08-03 21:11:21,061 INFO [home] Rendering minimal Home
2025-08-03 21:12:23,410 INFO [search_ev] search_ev() raw_query='a hatchback type with 4 seats ', sort=score_desc
2025-08-03 21:12:24,226 INFO [httpx] HTTP Request: GET https://evtable.com/all-manual-2024-03-09-1.js "HTTP/1.1 200 OK"
2025-08-03 21:12:24,386 INFO [fetch_evtable_data] Fetched 231 EV entries from rowData
2025-08-03 21:12:25,824 INFO [search_ev] Returning 231 results
2025-08-03 21:20:55,352 INFO [search_ev] search_ev() raw_query='a hatchback type with 4 seats ', sort=score_desc
2025-08-03 21:20:56,339 INFO [httpx] HTTP Request: GET https://evtable.com/all-manual-2024-03-09-1.js "HTTP/1.1 200 OK"
2025-08-03 21:20:56,424 INFO [fetch_evtable_data] Fetched 231 EV entries from rowData
2025-08-03 21:20:58,525 INFO [search_ev] Returning 231 results
2025-08-03 21:21:00,902 INFO [home] Rendering minimal Home
2025-08-03 21:26:42,841 INFO [home] Rendering minimal Home
2025-08-03 21:26:52,240 INFO [search_ev] search_ev() raw_query='a hatchback type with 4 seats ', sort=score_desc
2025-08-03 21:26:52,668 INFO [httpx] HTTP Request: GET https://evtable.com/all-manual-2024-03-09-1.js "HTTP/1.1 200 OK"
2025-08-03 21:26:52,717 INFO [fetch_evtable_data] Fetched 231 EV entries from rowData
2025-08-03 21:26:54,200 INFO [search_ev] Returning 231 results
2025-08-03 21:29:14,813 INFO [search_ev] search_ev() raw_query='a hatchback type with 4 seats ', sort=score_desc
2025-08-03 21:29:15,687 INFO [httpx] HTTP Request: GET https://evtable.com/all-manual-2024-03-09-1.js "HTTP/1.1 200 OK"
2025-08-03 21:29:15,848 INFO [fetch_evtable_data] Fetched 231 EV entries from rowData
2025-08-03 21:29:17,892 INFO [search_ev] Returning 231 results
2025-08-03 21:30:05,229 INFO [search_ev] search_ev() raw_query='a hatchback type with 4 seats ', sort=score_desc
2025-08-03 21:30:05,787 INFO [httpx] HTTP Request: GET https://evtable.com/all-manual-2024-03-09-1.js "HTTP/1.1 200 OK"
2025-08-03 21:30:05,941 INFO [fetch_evtable_data] Fetched 231 EV entries from rowData
2025-08-03 21:30:07,516 INFO [search_ev] Returning 231 results
2025-08-03 21:30:40,281 INFO [search_ev] search_ev() raw_query='a hatchback type with 4 seats ', sort=score_desc
2025-08-03 21:30:41,011 INFO [httpx] HTTP Request: GET https://evtable.com/all-manual-2024-03-09-1.js "HTTP/1.1 200 OK"
2025-08-03 21:30:41,235 INFO [fetch_evtable_data] Fetched 231 EV entries from rowData
2025-08-03 21:30:43,041 INFO [search_ev] Returning 231 results
2025-08-03 21:30:52,690 INFO [home] Rendering minimal Home
2025-08-03 21:35:34,111 INFO [search_ev] search_ev() raw_query='a hatchback type with 4 seats ', sort=score_desc
2025-08-03 21:35:34,833 INFO [httpx] HTTP Request: GET https://evtable.com/all-manual-2024-03-09-1.js "HTTP/1.1 200 OK"
2025-08-03 21:35:34,889 INFO [fetch_evtable_data] Fetched 231 EV entries from rowData
2025-08-03 21:35:36,986 INFO [search_ev] Returning 231 results
2025-08-03 21:56:10,593 INFO [home] Rendering minimal Home
2025-08-03 21:56:13,844 INFO [search_ev] search_ev() raw_query='a hatchback type with 4 seats ', sort=score_desc
2025-08-03 21:56:15,094 INFO [httpx] HTTP Request: GET https://evtable.com/all-manual-2024-03-09-1.js "HTTP/1.1 200 OK"
2025-08-03 21:56:15,192 INFO [fetch_evtable_data] Fetched 231 EV entries from rowData
2025-08-03 21:56:17,201 INFO [search_ev] Returning 231 results
2025-08-03 21:58:40,856 INFO [home] Rendering minimal Home
2025-08-03 21:58:44,497 INFO [search_ev] search_ev() raw_query='a hatchback type with 4 seats ', sort=score_desc
2025-08-03 21:58:45,283 INFO [httpx] HTTP Request: GET https://evtable.com/all-manual-2024-03-09-1.js "HTTP/1.1 200 OK"
2025-08-03 21:58:45,366 INFO [fetch_evtable_data] Fetched 231 EV entries from rowData
2025-08-03 21:58:46,865 INFO [search_ev] Returning 231 results
2025-08-03 22:00:44,104 INFO [home] Rendering minimal Home
2025-08-03 22:00:52,051 INFO [search_ev] search_ev() raw_query='a hatchback type with 4 seats ', sort=score_desc
2025-08-03 22:00:52,639 INFO [httpx] HTTP Request: GET https://evtable.com/all-manual-2024-03-09-1.js "HTTP/1.1 200 OK"
2025-08-03 22:00:52,689 INFO [fetch_evtable_data] Fetched 231 EV entries from rowData
2025-08-03 22:00:54,151 INFO [search_ev] Returning 231 results
2025-08-03 22:00:58,450 INFO [search_ev] search_ev() raw_query='a hatchback type with 4 seats ', sort=score_desc
2025-08-03 22:00:58,967 INFO [httpx] HTTP Request: GET https://evtable.com/all-manual-2024-03-09-1.js "HTTP/1.1 200 OK"
2025-08-03 22:00:59,121 INFO [fetch_evtable_data] Fetched 231 EV entries from rowData
2025-08-03 22:01:00,552 INFO [search_ev] Returning 231 results
2025-08-03 22:08:18,959 INFO [home] Rendering minimal Home
2025-08-03 22:30:19,619 INFO [home] Rendering minimal Home
2025-08-03 22:30:23,177 INFO [search_ev] search_ev() raw_query='a hatchback type with 4 seats ', sort=score_desc
2025-08-03 22:30:24,008 INFO [httpx] HTTP Request: GET https://evtable.com/all-manual-2024-03-09-1.js "HTTP/1.1 200 OK"
2025-08-03 22:30:24,058 INFO [fetch_evtable_data] Fetched 231 EV entries from rowData
2025-08-03 22:30:25,988 INFO [search_ev] Returning 231 results
2025-08-03 22:31:23,962 INFO [search_ev] search_ev() raw_query='a hatchback type with 4 seats ', sort=score_desc
2025-08-03 22:31:24,678 INFO [httpx] HTTP Request: GET https://evtable.com/all-manual-2024-03-09-1.js "HTTP/1.1 200 OK"
2025-08-03 22:31:24,764 INFO [fetch_evtable_data] Fetched 231 EV entries from rowData
2025-08-03 22:31:26,850 INFO [search_ev] Returning 231 results
2025-08-03 22:34:02,754 INFO [search_ev] search_ev() raw_query='a hatchback type with 4 seats ', sort=score_desc
2025-08-03 22:34:03,720 INFO [httpx] HTTP Request: GET https://evtable.com/all-manual-2024-03-09-1.js "HTTP/1.1 200 OK"
2025-08-03 22:34:03,900 INFO [fetch_evtable_data] Fetched 231 EV entries from rowData
2025-08-03 22:34:06,029 INFO [search_ev] Returning 231 results
2025-08-03 22:43:30,938 INFO [search_ev] search_ev() raw_query='a hatchback type with 4 seats ', sort=score_desc
2025-08-03 22:43:31,801 INFO [httpx] HTTP Request: GET https://evtable.com/all-manual-2024-03-09-1.js "HTTP/1.1 200 OK"
2025-08-03 22:43:31,889 INFO [fetch_evtable_data] Fetched 231 EV entries from rowData
2025-08-03 22:43:34,146 INFO [search_ev] Returning 231 results
2025-08-03 22:45:51,862 INFO [search_ev] search_ev() raw_query='a hatchback type with 4 seats ', sort=score_desc
2025-08-03 22:45:52,513 INFO [httpx] HTTP Request: GET https://evtable.com/all-manual-2024-03-09-1.js "HTTP/1.1 200 OK"
2025-08-03 22:45:52,581 INFO [fetch_evtable_data] Fetched 231 EV entries from rowData
2025-08-03 22:45:54,779 INFO [search_ev] Returning 231 results
2025-08-03 22:46:09,029 INFO [search_ev] search_ev() raw_query='a hatchback type with 4 seats ', sort=score_desc
2025-08-03 22:46:09,518 INFO [httpx] HTTP Request: GET https://evtable.com/all-manual-2024-03-09-1.js "HTTP/1.1 200 OK"
2025-08-03 22:46:09,631 INFO [fetch_evtable_data] Fetched 231 EV entries from rowData
2025-08-03 22:46:11,121 INFO [search_ev] Returning 231 results
2025-08-03 22:46:50,925 INFO [search_ev] search_ev() raw_query='a hatchback type with 4 seats ', sort=score_desc
2025-08-03 22:46:51,376 INFO [httpx] HTTP Request: GET https://evtable.com/all-manual-2024-03-09-1.js "HTTP/1.1 200 OK"
2025-08-03 22:46:51,451 INFO [fetch_evtable_data] Fetched 231 EV entries from rowData
2025-08-03 22:46:52,877 INFO [search_ev] Returning 231 results
2025-08-03 22:48:10,308 INFO [search_ev] search_ev() raw_query='a hatchback type with 4 seats ', sort=score_desc
2025-08-03 22:48:10,897 INFO [httpx] HTTP Request: GET https://evtable.com/all-manual-2024-03-09-1.js "HTTP/1.1 200 OK"
2025-08-03 22:48:10,982 INFO [fetch_evtable_data] Fetched 231 EV entries from rowData
2025-08-03 22:48:12,983 INFO [search_ev] Returning 231 results
2025-08-03 22:48:41,371 INFO [search_ev] search_ev() raw_query='a hatchback type with 4 seats ', sort=score_desc
2025-08-03 22:48:41,818 INFO [httpx] HTTP Request: GET https://evtable.com/all-manual-2024-03-09-1.js "HTTP/1.1 200 OK"
2025-08-03 22:48:41,901 INFO [fetch_evtable_data] Fetched 231 EV entries from rowData
2025-08-03 22:48:43,519 INFO [search_ev] Returning 231 results
2025-08-03 22:53:44,328 INFO [search_ev] search_ev() raw_query='a hatchback type with 4 seats ', sort=score_desc
2025-08-03 22:53:45,118 INFO [httpx] HTTP Request: GET https://evtable.com/all-manual-2024-03-09-1.js "HTTP/1.1 200 OK"
2025-08-03 22:53:45,198 INFO [fetch_evtable_data] Fetched 231 EV entries from rowData
2025-08-03 22:53:47,370 INFO [search_ev] Returning 231 results
2025-08-03 22:55:47,426 INFO [home] Rendering minimal Home
2025-08-03 22:55:50,872 INFO [search_ev] search_ev() raw_query='a hatchback type with 4 seats ', sort=score_desc
2025-08-03 22:55:51,569 INFO [httpx] HTTP Request: GET https://evtable.com/all-manual-2024-03-09-1.js "HTTP/1.1 200 OK"
2025-08-03 22:55:51,653 INFO [fetch_evtable_data] Fetched 231 EV entries from rowData
2025-08-03 22:55:53,511 INFO [search_ev] Returning 231 results
2025-08-03 23:00:09,621 INFO [search_ev] search_ev() raw_query='a hatchback type with 4 seats ', sort=score_desc
2025-08-03 23:00:10,424 INFO [httpx] HTTP Request: GET https://evtable.com/all-manual-2024-03-09-1.js "HTTP/1.1 200 OK"
2025-08-03 23:00:10,479 INFO [fetch_evtable_data] Fetched 231 EV entries from rowData
2025-08-03 23:00:12,710 INFO [search_ev] Returning 231 results
2025-08-03 23:04:59,096 INFO [home] Rendering minimal Home
2025-08-03 23:05:08,952 INFO [search_ev] search_ev() raw_query='a hatchback type with 4 seats ', sort=score_desc
2025-08-03 23:05:09,840 INFO [httpx] HTTP Request: GET https://evtable.com/all-manual-2024-03-09-1.js "HTTP/1.1 200 OK"
2025-08-03 23:05:09,927 INFO [fetch_evtable_data] Fetched 231 EV entries from rowData
2025-08-03 23:05:12,283 INFO [search_ev] Returning 231 results
2025-08-03 23:05:53,312 INFO [search_ev] search_ev() raw_query='a hatchback type with 4 seats ', sort=score_desc
2025-08-03 23:05:53,924 INFO [httpx] HTTP Request: GET https://evtable.com/all-manual-2024-03-09-1.js "HTTP/1.1 200 OK"
2025-08-03 23:05:54,008 INFO [fetch_evtable_data] Fetched 231 EV entries from rowData
2025-08-03 23:05:56,003 INFO [search_ev] Returning 231 results
2025-08-03 23:10:55,305 INFO [search_ev] search_ev() raw_query='a hatchback type with 4 seats ', sort=score_desc
2025-08-03 23:10:56,006 INFO [httpx] HTTP Request: GET https://evtable.com/all-manual-2024-03-09-1.js "HTTP/1.1 200 OK"
2025-08-03 23:10:56,086 INFO [fetch_evtable_data] Fetched 231 EV entries from rowData
2025-08-03 23:10:58,378 INFO [search_ev] Returning 231 results
2025-08-03 23:19:51,366 INFO [search_ev] search_ev() raw_query='a hatchback type with 4 seats ', sort=score_desc
2025-08-03 23:19:52,199 INFO [httpx] HTTP Request: GET https://evtable.com/all-manual-2024-03-09-1.js "HTTP/1.1 200 OK"
2025-08-03 23:19:52,254 INFO [fetch_evtable_data] Fetched 231 EV entries from rowData
2025-08-03 23:19:54,512 INFO [search_ev] Returning 231 results
2025-08-03 23:22:51,847 INFO [search_ev] search_ev() raw_query='a hatchback type with 4 seats ', sort=score_desc
2025-08-03 23:22:52,500 INFO [httpx] HTTP Request: GET https://evtable.com/all-manual-2024-03-09-1.js "HTTP/1.1 200 OK"
2025-08-03 23:22:52,584 INFO [fetch_evtable_data] Fetched 231 EV entries from rowData
2025-08-03 23:22:54,037 INFO [search_ev] Returning 231 results
2025-08-03 23:29:30,111 INFO [home] Rendering minimal Home
2025-08-03 23:29:45,624 INFO [search_ev] search_ev() raw_query='an luxury SUV that is under 50000', sort=score_desc
2025-08-03 23:29:46,328 INFO [httpx] HTTP Request: GET https://evtable.com/all-manual-2024-03-09-1.js "HTTP/1.1 200 OK"
2025-08-03 23:29:46,414 INFO [fetch_evtable_data] Fetched 231 EV entries from rowData
2025-08-03 23:29:48,237 INFO [search_ev] Sample image_url values: ['/static/images/placeholder_car.png', '/static/images/placeholder_car.png']
2025-08-03 23:29:48,237 INFO [search_ev] Returning 231 results
2025-08-03 23:33:13,599 INFO [search_ev] search_ev() raw_query='an luxury SUV that is under 50000', sort=score_desc
2025-08-03 23:33:14,275 INFO [httpx] HTTP Request: GET https://evtable.com/all-manual-2024-03-09-1.js "HTTP/1.1 200 OK"
2025-08-03 23:33:14,321 INFO [fetch_evtable_data] DEBUG keys in rowData: ['make', 'model', 'permanentId', 'tags', 'taxCreditAmount', 'taxCreditMSRPLimit', 'specLink', 'length', 'width', 'height', 'clearance', 'fastChargingSpeed', 'seatingCapacity', 'baseModel', 'VClass', 'comb08', 'city08', 'highway08', 'combA08', 'cityA08']
2025-08-03 23:33:14,321 INFO [fetch_evtable_data] DEBUG sample record snippet: {'make': 'Alfa Romeo', 'model': 'Tonale', 'permanentId': 843021, 'tags': ['Sporty'], 'taxCreditAmount': '', 'taxCreditMSRPLimit': ''}
2025-08-03 23:33:14,322 INFO [fetch_evtable_data] Fetched 231 EV entries from rowData
2025-08-03 23:33:15,760 INFO [search_ev] Sample image_url values: ['/static/images/placeholder_car.png', '/static/images/placeholder_car.png']
2025-08-03 23:33:15,760 INFO [search_ev] Returning 231 results
2025-08-03 23:38:36,610 INFO [home] Rendering minimal Home
2025-08-03 23:38:40,995 INFO [search_ev] search_ev() raw_query='a hatchback type with 4 seats ', sort=score_desc
2025-08-03 23:38:41,714 INFO [httpx] HTTP Request: GET https://evtable.com/all-manual-2024-03-09-1.js "HTTP/1.1 200 OK"
2025-08-03 23:38:41,864 INFO [fetch_evtable_data] DEBUG keys in rowData: ['make', 'model', 'permanentId', 'tags', 'taxCreditAmount', 'taxCreditMSRPLimit', 'specLink', 'length', 'width', 'height', 'clearance', 'fastChargingSpeed', 'seatingCapacity', 'baseModel', 'VClass', 'comb08', 'city08', 'highway08', 'combA08', 'cityA08']
2025-08-03 23:38:41,864 INFO [fetch_evtable_data] DEBUG sample record snippet: {'make': 'Alfa Romeo', 'model': 'Tonale', 'permanentId': 843021, 'tags': ['Sporty'], 'taxCreditAmount': '', 'taxCreditMSRPLimit': ''}
2025-08-03 23:38:41,899 INFO [fetch_evtable_data] Fetched 231 EV entries from rowData
2025-08-03 23:38:44,000 INFO [search_ev] Sample image_url values: ['/static/images/placeholder_car.png', '/static/images/makes/volkswagen.png']
2025-08-03 23:38:44,001 INFO [search_ev] Returning 231 results
2025-08-03 23:40:01,985 INFO [search_ev] search_ev() raw_query='a hatchback type with 4 seats ', sort=score_desc
2025-08-03 23:40:02,414 INFO [httpx] HTTP Request: GET https://evtable.com/all-manual-2024-03-09-1.js "HTTP/1.1 200 OK"
2025-08-03 23:40:02,462 INFO [fetch_evtable_data] DEBUG keys in rowData: ['make', 'model', 'permanentId', 'tags', 'taxCreditAmount', 'taxCreditMSRPLimit', 'specLink', 'length', 'width', 'height', 'clearance', 'fastChargingSpeed', 'seatingCapacity', 'baseModel', 'VClass', 'comb08', 'city08', 'highway08', 'combA08', 'cityA08']
2025-08-03 23:40:02,462 INFO [fetch_evtable_data] DEBUG sample record snippet: {'make': 'Alfa Romeo', 'model': 'Tonale', 'permanentId': 843021, 'tags': ['Sporty'], 'taxCreditAmount': '', 'taxCreditMSRPLimit': ''}
2025-08-03 23:40:02,479 INFO [fetch_evtable_data] Fetched 231 EV entries from rowData
2025-08-03 23:40:04,357 INFO [search_ev] Sample image_url values: ['/static/images/placeholder_car.png', '/static/images/makes/volkswagen.png']
2025-08-03 23:40:04,358 INFO [search_ev] Returning 231 results
2025-08-03 23:52:36,448 INFO [search_ev] search_ev() raw_query='a hatchback type with 4 seats ', sort=score_desc
2025-08-03 23:52:37,157 INFO [httpx] HTTP Request: GET https://evtable.com/all-manual-2024-03-09-1.js "HTTP/1.1 200 OK"
2025-08-03 23:52:37,212 INFO [fetch_evtable_data] DEBUG keys in rowData: ['make', 'model', 'permanentId', 'tags', 'taxCreditAmount', 'taxCreditMSRPLimit', 'specLink', 'length', 'width', 'height', 'clearance', 'fastChargingSpeed', 'seatingCapacity', 'baseModel', 'VClass', 'comb08', 'city08', 'highway08', 'combA08', 'cityA08']
2025-08-03 23:52:37,212 INFO [fetch_evtable_data] DEBUG sample record snippet: {'make': 'Alfa Romeo', 'model': 'Tonale', 'permanentId': 843021, 'tags': ['Sporty'], 'taxCreditAmount': '', 'taxCreditMSRPLimit': ''}
2025-08-03 23:52:37,235 INFO [fetch_evtable_data] Fetched 231 EV entries from rowData
2025-08-03 23:52:39,490 INFO [search_ev] Sample image_url values: ['/static/images/placeholder_car.png', '/static/images/makes/volkswagen.png']
2025-08-03 23:52:39,491 INFO [search_ev] Returning 231 results
2025-08-03 23:57:01,791 INFO [home] Rendering minimal Home
2025-08-03 23:57:04,881 INFO [home] Rendering minimal Home
2025-08-03 23:57:05,969 INFO [home] Rendering minimal Home
2025-08-03 23:57:06,883 INFO [home] Rendering minimal Home
2025-08-03 23:57:07,779 INFO [home] Rendering minimal Home
2025-08-04 00:06:28,684 INFO [search_ev] search_ev() raw_query='a hatchback type with 4 seats ', sort=score_desc
2025-08-04 00:06:29,477 INFO [httpx] HTTP Request: GET https://evtable.com/all-manual-2024-03-09-1.js "HTTP/1.1 200 OK"
2025-08-04 00:06:29,563 INFO [fetch_evtable_data] DEBUG keys in rowData: ['make', 'model', 'permanentId', 'tags', 'taxCreditAmount', 'taxCreditMSRPLimit', 'specLink', 'length', 'width', 'height', 'clearance', 'fastChargingSpeed', 'seatingCapacity', 'baseModel', 'VClass', 'comb08', 'city08', 'highway08', 'combA08', 'cityA08']
2025-08-04 00:06:29,563 INFO [fetch_evtable_data] DEBUG sample record snippet: {'make': 'Alfa Romeo', 'model': 'Tonale', 'permanentId': 843021, 'tags': ['Sporty'], 'taxCreditAmount': '', 'taxCreditMSRPLimit': ''}
2025-08-04 00:06:29,585 INFO [fetch_evtable_data] Fetched 231 EV entries from rowData
2025-08-04 00:06:31,694 INFO [search_ev] Sample image_url values: ['/static/images/placeholder_car.png', '/static/images/makes/volkswagen.png']
2025-08-04 00:06:31,694 INFO [search_ev] Returning 231 results
2025-08-11 19:41:26,725 INFO [home] Rendering minimal Home
2025-08-11 19:41:35,297 INFO [search_ev] search_ev() raw_query='a hatchback type with 4 seats ', sort=score_desc
2025-08-11 19:41:36,176 INFO [httpx] HTTP Request: GET https://evtable.com/all-manual-2024-03-09-1.js "HTTP/1.1 200 OK"
2025-08-11 19:41:36,282 INFO [fetch_evtable_data] DEBUG keys in rowData: ['make', 'model', 'permanentId', 'tags', 'taxCreditAmount', 'taxCreditMSRPLimit', 'specLink', 'length', 'width', 'height', 'clearance', 'fastChargingSpeed', 'seatingCapacity', 'baseModel', 'VClass', 'comb08', 'city08', 'highway08', 'combA08', 'cityA08']
2025-08-11 19:41:36,283 INFO [fetch_evtable_data] DEBUG sample record snippet: {'make': 'Alfa Romeo', 'model': 'Tonale', 'permanentId': 843021, 'tags': ['Sporty'], 'taxCreditAmount': '', 'taxCreditMSRPLimit': ''}
2025-08-11 19:41:36,297 INFO [fetch_evtable_data] Fetched 231 EV entries from rowData
2025-08-11 19:41:38,118 INFO [search_ev] Sample image_url values: ['/static/images/placeholder_car.png', '/static/images/makes/volkswagen.png']
2025-08-11 19:41:38,118 INFO [search_ev] Returning 231 results
2025-08-11 19:47:35,932 INFO [home] Rendering minimal Home
2025-08-11 19:59:50,362 INFO [home] Rendering minimal Home
2025-08-11 19:59:53,551 INFO [search_ev] search_ev() raw_query='a hatchback type with 4 seats ', sort=score_desc
2025-08-11 19:59:54,513 INFO [httpx] HTTP Request: GET https://evtable.com/all-manual-2024-03-09-1.js "HTTP/1.1 200 OK"
2025-08-11 19:59:54,704 INFO [fetch_evtable_data] DEBUG keys in rowData: ['make', 'model', 'permanentId', 'tags', 'taxCreditAmount', 'taxCreditMSRPLimit', 'specLink', 'length', 'width', 'height', 'clearance', 'fastChargingSpeed', 'seatingCapacity', 'baseModel', 'VClass', 'comb08', 'city08', 'highway08', 'combA08', 'cityA08']
2025-08-11 19:59:54,705 INFO [fetch_evtable_data] DEBUG sample record snippet: {'make': 'Alfa Romeo', 'model': 'Tonale', 'permanentId': 843021, 'tags': ['Sporty'], 'taxCreditAmount': '', 'taxCreditMSRPLimit': ''}
2025-08-11 19:59:54,726 INFO [fetch_evtable_data] Fetched 231 EV entries from rowData
2025-08-11 19:59:56,982 INFO [search_ev] Sample image_url values: ['/static/images/placeholder_car.png', '/static/images/makes/volkswagen.png']
2025-08-11 19:59:56,982 INFO [search_ev] Returning 231 results
2025-08-11 20:10:31,374 INFO [search_ev] search_ev() raw_query='a hatchback type with 4 seats ', sort=score_desc
2025-08-11 20:10:32,038 INFO [httpx] HTTP Request: GET https://evtable.com/all-manual-2024-03-09-1.js "HTTP/1.1 200 OK"
2025-08-11 20:10:32,151 INFO [fetch_evtable_data] DEBUG keys in rowData: ['make', 'model', 'permanentId', 'tags', 'taxCreditAmount', 'taxCreditMSRPLimit', 'specLink', 'length', 'width', 'height', 'clearance', 'fastChargingSpeed', 'seatingCapacity', 'baseModel', 'VClass', 'comb08', 'city08', 'highway08', 'combA08', 'cityA08']
2025-08-11 20:10:32,152 INFO [fetch_evtable_data] DEBUG sample record snippet: {'make': 'Alfa Romeo', 'model': 'Tonale', 'permanentId': 843021, 'tags': ['Sporty'], 'taxCreditAmount': '', 'taxCreditMSRPLimit': ''}
2025-08-11 20:10:32,181 INFO [fetch_evtable_data] Fetched 231 EV entries from rowData
2025-08-11 20:10:34,252 INFO [search_ev] Sample image_url values: ['/static/images/placeholder_car.png', '/static/images/makes/volkswagen.png']
2025-08-11 20:10:34,253 INFO [search_ev] Returning 231 results
2025-08-11 20:10:36,603 INFO [home] Rendering minimal Home
2025-08-11 20:10:55,985 INFO [home] Rendering minimal Home
2025-08-11 20:15:49,238 INFO [home] Rendering minimal Home
2025-08-11 20:23:02,790 INFO [home] Rendering minimal Home
2025-08-11 20:23:10,279 INFO [search_ev] search_ev() raw_query='a hatchback type with 4 seats ', sort=score_desc
2025-08-11 20:23:11,266 INFO [httpx] HTTP Request: GET https://evtable.com/all-manual-2024-03-09-1.js "HTTP/1.1 200 OK"
2025-08-11 20:23:11,433 INFO [fetch_evtable_data] DEBUG keys in rowData: ['make', 'model', 'permanentId', 'tags', 'taxCreditAmount', 'taxCreditMSRPLimit', 'specLink', 'length', 'width', 'height', 'clearance', 'fastChargingSpeed', 'seatingCapacity', 'baseModel', 'VClass', 'comb08', 'city08', 'highway08', 'combA08', 'cityA08']
2025-08-11 20:23:11,434 INFO [fetch_evtable_data] DEBUG sample record snippet: {'make': 'Alfa Romeo', 'model': 'Tonale', 'permanentId': 843021, 'tags': ['Sporty'], 'taxCreditAmount': '', 'taxCreditMSRPLimit': ''}
2025-08-11 20:23:11,455 INFO [fetch_evtable_data] Fetched 231 EV entries from rowData
2025-08-11 20:23:13,478 INFO [search_ev] Sample image_url values: ['/static/images/placeholder_car.png', '/static/images/makes/volkswagen.png']
2025-08-11 20:23:13,478 INFO [search_ev] Returning 231 results
2025-08-11 20:24:31,731 INFO [search_ev] search_ev() raw_query='a hatchback type with 4 seats ', sort=score_desc
2025-08-11 20:24:32,204 INFO [httpx] HTTP Request: GET https://evtable.com/all-manual-2024-03-09-1.js "HTTP/1.1 200 OK"
2025-08-11 20:24:32,254 INFO [fetch_evtable_data] DEBUG keys in rowData: ['make', 'model', 'permanentId', 'tags', 'taxCreditAmount', 'taxCreditMSRPLimit', 'specLink', 'length', 'width', 'height', 'clearance', 'fastChargingSpeed', 'seatingCapacity', 'baseModel', 'VClass', 'comb08', 'city08', 'highway08', 'combA08', 'cityA08']
2025-08-11 20:24:32,255 INFO [fetch_evtable_data] DEBUG sample record snippet: {'make': 'Alfa Romeo', 'model': 'Tonale', 'permanentId': 843021, 'tags': ['Sporty'], 'taxCreditAmount': '', 'taxCreditMSRPLimit': ''}
2025-08-11 20:24:32,277 INFO [fetch_evtable_data] Fetched 231 EV entries from rowData
2025-08-11 20:24:34,510 INFO [search_ev] Sample image_url values: ['/static/images/placeholder_car.png', '/static/images/makes/volkswagen.png']
2025-08-11 20:24:34,510 INFO [search_ev] Returning 231 results
2025-08-11 20:24:52,399 INFO [home] Rendering minimal Home
2025-08-11 20:41:15,143 INFO [home] Rendering minimal Home
2025-08-11 20:42:18,485 INFO [home] Rendering minimal Home
2025-08-11 20:42:20,397 INFO [home] Rendering minimal Home
2025-08-11 20:42:21,413 INFO [home] Rendering minimal Home
2025-08-11 20:42:22,427 INFO [home] Rendering minimal Home
2025-08-11 20:42:23,546 INFO [home] Rendering minimal Home
2025-08-11 20:47:47,898 INFO [home] Rendering minimal Home
2025-08-13 21:03:49,856 INFO [home] Rendering minimal Home
2025-08-13 21:08:23,215 INFO [home] Rendering minimal Home
2025-08-13 21:08:40,464 INFO [home] Rendering minimal Home
2025-08-13 21:09:25,791 INFO [home] Rendering minimal Home
2025-08-13 21:10:25,778 INFO [home] Rendering minimal Home
2025-08-13 21:10:54,723 INFO [home] Rendering minimal Home
2025-08-13 21:11:23,019 INFO [home] Rendering minimal Home
2025-08-13 21:11:52,524 INFO [home] Rendering minimal Home
2025-08-13 21:12:04,546 INFO [home] Rendering minimal Home
2025-08-13 21:12:12,324 INFO [home] Rendering minimal Home
2025-08-13 21:12:25,034 INFO [home] Rendering minimal Home
2025-08-13 21:12:29,713 INFO [home] Rendering minimal Home
2025-08-13 21:12:42,200 INFO [home] Rendering minimal Home
2025-08-13 21:12:43,419 INFO [home] Rendering minimal Home
2025-08-13 21:12:44,388 INFO [home] Rendering minimal Home
2025-08-13 21:13:12,790 INFO [home] Rendering minimal Home
2025-08-13 21:13:22,936 INFO [home] Rendering minimal Home
2025-08-13 21:13:29,409 INFO [home] Rendering minimal Home
2025-08-13 21:13:39,377 INFO [home] Rendering minimal Home
2025-08-13 21:13:49,845 INFO [home] Rendering minimal Home
2025-08-13 21:13:57,560 INFO [home] Rendering minimal Home
2025-08-13 21:14:33,185 INFO [search_ev] search_ev() raw_query='a hatchback type with 4 seats ', sort=score_desc
2025-08-13 21:14:34,214 INFO [httpx] HTTP Request: GET https://evtable.com/all-manual-2024-03-09-1.js "HTTP/1.1 200 OK"
2025-08-13 21:14:34,375 INFO [fetch_evtable_data] DEBUG keys in rowData: ['make', 'model', 'permanentId', 'tags', 'taxCreditAmount', 'taxCreditMSRPLimit', 'specLink', 'length', 'width', 'height', 'clearance', 'fastChargingSpeed', 'seatingCapacity', 'baseModel', 'VClass', 'comb08', 'city08', 'highway08', 'combA08', 'cityA08']
2025-08-13 21:14:34,376 INFO [fetch_evtable_data] DEBUG sample record snippet: {'make': 'Alfa Romeo', 'model': 'Tonale', 'permanentId': 843021, 'tags': ['Sporty'], 'taxCreditAmount': '', 'taxCreditMSRPLimit': ''}
2025-08-13 21:14:34,397 INFO [fetch_evtable_data] Fetched 231 EV entries from rowData
2025-08-13 21:14:36,753 INFO [search_ev] Sample image_url values: ['/static/images/placeholder_car.png', '/static/images/makes/volkswagen.png']
2025-08-13 21:14:36,754 INFO [search_ev] Returning 231 results
2025-08-13 21:49:27,382 INFO [home] Rendering minimal Home
2025-08-13 21:49:52,913 INFO [search_ev] search_ev() raw_query='hatchback 4 seaters ', sort=score_desc
2025-08-13 21:49:53,765 INFO [httpx] HTTP Request: GET https://evtable.com/all-manual-2024-03-09-1.js "HTTP/1.1 200 OK"
2025-08-13 21:49:53,844 INFO [fetch_evtable_data] DEBUG keys in rowData: ['make', 'model', 'permanentId', 'tags', 'taxCreditAmount', 'taxCreditMSRPLimit', 'specLink', 'length', 'width', 'height', 'clearance', 'fastChargingSpeed', 'seatingCapacity', 'baseModel', 'VClass', 'comb08', 'city08', 'highway08', 'combA08', 'cityA08']
2025-08-13 21:49:53,845 INFO [fetch_evtable_data] DEBUG sample record snippet: {'make': 'Alfa Romeo', 'model': 'Tonale', 'permanentId': 843021, 'tags': ['Sporty'], 'taxCreditAmount': '', 'taxCreditMSRPLimit': ''}
2025-08-13 21:49:53,866 INFO [fetch_evtable_data] Fetched 231 EV entries from rowData
2025-08-13 21:49:55,973 INFO [search_ev] Sample image_url values: ['/static/images/makes/toyota.png', '/static/images/placeholder_car.png']
2025-08-13 21:49:55,974 INFO [search_ev] Returning 231 results
2025-08-13 21:50:35,861 INFO [home] browse_all() called
2025-08-13 21:50:36,637 INFO [httpx] HTTP Request: GET https://evtable.com/all-manual-2024-03-09-1.js "HTTP/1.1 200 OK"
2025-08-13 21:50:36,726 INFO [fetch_evtable_data] DEBUG keys in rowData: ['make', 'model', 'permanentId', 'tags', 'taxCreditAmount', 'taxCreditMSRPLimit', 'specLink', 'length', 'width', 'height', 'clearance', 'fastChargingSpeed', 'seatingCapacity', 'baseModel', 'VClass', 'comb08', 'city08', 'highway08', 'combA08', 'cityA08']
2025-08-13 21:50:36,726 INFO [fetch_evtable_data] DEBUG sample record snippet: {'make': 'Alfa Romeo', 'model': 'Tonale', 'permanentId': 843021, 'tags': ['Sporty'], 'taxCreditAmount': '', 'taxCreditMSRPLimit': ''}
2025-08-13 21:50:36,745 INFO [fetch_evtable_data] Fetched 231 EV entries from rowData
2025-08-13 22:03:04,758 INFO [home] Rendering minimal Home
2025-08-13 22:03:20,159 INFO [search_ev] search_ev() raw_query='suv 4 seater ', sort=score_desc
2025-08-13 22:03:21,013 INFO [httpx] HTTP Request: GET https://evtable.com/all-manual-2024-03-09-1.js "HTTP/1.1 200 OK"
2025-08-13 22:03:21,169 INFO [fetch_evtable_data] DEBUG keys in rowData: ['make', 'model', 'permanentId', 'tags', 'taxCreditAmount', 'taxCreditMSRPLimit', 'specLink', 'length', 'width', 'height', 'clearance', 'fastChargingSpeed', 'seatingCapacity', 'baseModel', 'VClass', 'comb08', 'city08', 'highway08', 'combA08', 'cityA08']
2025-08-13 22:03:21,169 INFO [fetch_evtable_data] DEBUG sample record snippet: {'make': 'Alfa Romeo', 'model': 'Tonale', 'permanentId': 843021, 'tags': ['Sporty'], 'taxCreditAmount': '', 'taxCreditMSRPLimit': ''}
2025-08-13 22:03:21,196 INFO [fetch_evtable_data] Fetched 231 EV entries from rowData
2025-08-13 22:03:21,327 INFO [search_ev] Sample image_url values: ['/static/images/makes/mercedes-benz.png', '/static/images/makes/mercedes-benz.png']
2025-08-13 22:03:21,328 INFO [search_ev] Returning 11 results
2025-08-13 22:04:03,816 INFO [home] Rendering minimal Home
2025-08-15 18:37:18,455 INFO [home] Rendering minimal Home
2025-08-15 19:33:12,004 INFO [httpx] HTTP Request: GET https://evtable.com/all-manual-2024-03-09-1.js "HTTP/1.1 200 OK"
2025-08-15 19:33:12,071 INFO [evtable] Normalized 231 EV records
2025-08-15 19:33:20,219 INFO [sentence_transformers.SentenceTransformer] Use pytorch device_name: cpu
2025-08-15 19:33:20,219 INFO [sentence_transformers.SentenceTransformer] Load pretrained SentenceTransformer: sentence-transformers/all-MiniLM-L6-v2
2025-08-15 19:33:22,777 INFO [nlp] Semantic embedder loaded.
2025-08-15 19:34:03,957 INFO [home] Rendering minimal Home
2025-08-15 19:36:20,445 INFO [httpx] HTTP Request: GET https://evtable.com/all-manual-2024-03-09-1.js "HTTP/1.1 200 OK"
2025-08-15 19:36:20,615 INFO [evtable] Normalized 231 EV records
2025-08-15 19:36:28,615 INFO [sentence_transformers.SentenceTransformer] Use pytorch device_name: cpu
2025-08-15 19:36:28,615 INFO [sentence_transformers.SentenceTransformer] Load pretrained SentenceTransformer: sentence-transformers/all-MiniLM-L6-v2
2025-08-15 19:36:31,202 INFO [nlp] Semantic embedder loaded.
2025-08-15 20:32:26,117 INFO [httpx] HTTP Request: GET https://evtable.com/all-manual-2024-03-09-1.js "HTTP/1.1 200 OK"
2025-08-15 20:32:26,194 INFO [evtable] Normalized 231 EV records
2025-08-15 20:33:08,303 INFO [sentence_transformers.SentenceTransformer] Use pytorch device_name: cpu
2025-08-15 20:33:08,303 INFO [sentence_transformers.SentenceTransformer] Load pretrained SentenceTransformer: sentence-transformers/all-MiniLM-L6-v2
2025-08-15 20:33:11,048 INFO [nlp] Semantic embedder loaded.
2025-08-15 20:33:18,320 INFO [home] Rendering minimal Home
2025-08-15 20:33:38,219 INFO [home] Rendering minimal Home
2025-08-15 20:39:43,415 INFO [home] browse_all() called
2025-08-15 20:39:43,991 INFO [httpx] HTTP Request: GET https://evtable.com/all-manual-2024-03-09-1.js "HTTP/1.1 200 OK"
2025-08-15 20:43:04,845 INFO [httpx] HTTP Request: GET https://evtable.com/all-manual-2024-03-09-1.js "HTTP/1.1 200 OK"
2025-08-15 20:43:05,020 INFO [evtable] Normalized 231 EV records
2025-08-15 20:43:14,559 INFO [sentence_transformers.SentenceTransformer] Use pytorch device_name: cpu
2025-08-15 20:43:14,559 INFO [sentence_transformers.SentenceTransformer] Load pretrained SentenceTransformer: sentence-transformers/all-MiniLM-L6-v2
2025-08-15 20:43:17,532 INFO [nlp] Semantic embedder loaded.
2025-08-15 20:43:59,010 INFO [httpx] HTTP Request: GET https://evtable.com/all-manual-2024-03-09-1.js "HTTP/1.1 200 OK"
2025-08-15 20:43:59,238 INFO [evtable] Normalized 231 EV records
2025-08-15 20:44:11,371 INFO [sentence_transformers.SentenceTransformer] Use pytorch device_name: cpu
2025-08-15 20:44:11,371 INFO [sentence_transformers.SentenceTransformer] Load pretrained SentenceTransformer: sentence-transformers/all-MiniLM-L6-v2
2025-08-15 20:44:14,212 INFO [nlp] Semantic embedder loaded.
2025-08-15 20:44:20,113 INFO [httpx] HTTP Request: GET https://evtable.com/all-manual-2024-03-09-1.js "HTTP/1.1 200 OK"
2025-08-15 20:44:20,185 INFO [evtable] Normalized 231 EV records
2025-08-15 20:44:29,617 INFO [sentence_transformers.SentenceTransformer] Use pytorch device_name: cpu
2025-08-15 20:44:29,617 INFO [sentence_transformers.SentenceTransformer] Load pretrained SentenceTransformer: sentence-transformers/all-MiniLM-L6-v2
2025-08-15 20:44:32,454 INFO [nlp] Semantic embedder loaded.
2025-08-15 20:47:57,339 INFO [httpx] HTTP Request: GET https://evtable.com/all-manual-2024-03-09-1.js "HTTP/1.1 200 OK"
2025-08-15 20:47:57,413 INFO [evtable] Normalized 231 EV records
2025-08-15 20:48:06,451 INFO [sentence_transformers.SentenceTransformer] Use pytorch device_name: cpu
2025-08-15 20:48:06,451 INFO [sentence_transformers.SentenceTransformer] Load pretrained SentenceTransformer: sentence-transformers/all-MiniLM-L6-v2
2025-08-15 20:48:09,027 INFO [nlp] Semantic embedder loaded.
2025-08-15 20:48:42,199 INFO [routes.search] search timings: total=36.1ms (parse=0.4ms, filter=35.6ms, rank+sort=35.6ms, page/cache=0.1ms, cache_hit=False) q='crossover with 5 seats'
2025-08-15 20:48:52,162 INFO [routes.search] search timings: total=0.9ms (parse=0.1ms, filter=0.8ms, rank+sort=0.8ms, page/cache=0.0ms, cache_hit=False) q=''
2025-08-15 20:50:17,489 INFO [routes.search] search timings: total=1.8ms (parse=0.1ms, filter=1.6ms, rank+sort=1.6ms, page/cache=0.1ms, cache_hit=False) q=''
2025-08-15 20:50:22,990 INFO [routes.search] search timings: total=1.4ms (parse=0.3ms, filter=1.0ms, rank+sort=1.0ms, page/cache=0.1ms, cache_hit=False) q=''
2025-08-15 20:53:56,712 INFO [httpx] HTTP Request: GET https://evtable.com/all-manual-2024-03-09-1.js "HTTP/1.1 200 OK"
2025-08-15 20:53:56,932 INFO [evtable] Normalized 231 EV records
2025-08-15 20:54:05,603 INFO [sentence_transformers.SentenceTransformer] Use pytorch device_name: cpu
2025-08-15 20:54:05,604 INFO [sentence_transformers.SentenceTransformer] Load pretrained SentenceTransformer: sentence-transformers/all-MiniLM-L6-v2
2025-08-15 20:54:08,279 INFO [nlp] Semantic embedder loaded.
2025-08-15 20:55:30,473 INFO [routes.search] search timings: total=47.4ms (parse=0.5ms, filter=46.9ms, rank+sort=46.9ms, page/cache=0.1ms, cache_hit=False) q='hatchback crossover 5 seater'
2025-08-15 20:55:46,925 INFO [routes.search] search timings: total=0.9ms (parse=0.2ms, filter=0.6ms, rank+sort=0.6ms, page/cache=0.1ms, cache_hit=False) q=''
2025-08-15 20:55:49,864 INFO [routes.search] search timings: total=1.0ms (parse=0.3ms, filter=0.7ms, rank+sort=0.7ms, page/cache=0.1ms, cache_hit=False) q=''
2025-08-15 20:55:53,129 INFO [routes.search] search timings: total=1.7ms (parse=0.4ms, filter=1.2ms, rank+sort=1.2ms, page/cache=0.1ms, cache_hit=False) q=''
2025-08-15 20:55:54,614 INFO [routes.search] search timings: total=1.2ms (parse=0.4ms, filter=0.8ms, rank+sort=0.8ms, page/cache=0.0ms, cache_hit=False) q=''
2025-08-15 20:55:57,013 INFO [routes.search] search timings: total=1.1ms (parse=0.4ms, filter=0.7ms, rank+sort=0.7ms, page/cache=0.0ms, cache_hit=False) q=''
2025-08-15 20:55:57,880 INFO [routes.search] search timings: total=0.8ms (parse=0.2ms, filter=0.5ms, rank+sort=0.5ms, page/cache=0.0ms, cache_hit=True) q=''
2025-08-15 20:55:58,752 INFO [routes.search] search timings: total=0.9ms (parse=0.3ms, filter=0.6ms, rank+sort=0.6ms, page/cache=0.0ms, cache_hit=True) q=''
2025-08-15 20:55:59,966 INFO [routes.search] search timings: total=1.0ms (parse=0.3ms, filter=0.6ms, rank+sort=0.6ms, page/cache=0.0ms, cache_hit=True) q=''
2025-08-15 20:56:01,131 INFO [routes.search] search timings: total=1.1ms (parse=0.3ms, filter=0.8ms, rank+sort=0.8ms, page/cache=0.0ms, cache_hit=True) q=''
2025-08-15 20:56:03,029 INFO [routes.search] search timings: total=1.1ms (parse=0.3ms, filter=0.8ms, rank+sort=0.8ms, page/cache=0.0ms, cache_hit=True) q=''
2025-08-15 20:56:04,430 INFO [routes.search] search timings: total=0.7ms (parse=0.2ms, filter=0.5ms, rank+sort=0.5ms, page/cache=0.0ms, cache_hit=True) q=''
2025-08-15 20:56:10,138 INFO [routes.search] search timings: total=0.6ms (parse=0.2ms, filter=0.4ms, rank+sort=0.4ms, page/cache=0.0ms, cache_hit=False) q=''
2025-08-15 20:56:22,521 INFO [routes.search] search timings: total=0.8ms (parse=0.2ms, filter=0.6ms, rank+sort=0.6ms, page/cache=0.1ms, cache_hit=False) q=''
2025-08-15 20:56:24,711 INFO [routes.search] search timings: total=1.2ms (parse=0.3ms, filter=0.9ms, rank+sort=0.9ms, page/cache=0.0ms, cache_hit=True) q=''
2025-08-15 21:08:23,757 INFO [httpx] HTTP Request: GET https://evtable.com/all-manual-2024-03-09-1.js "HTTP/1.1 200 OK"
2025-08-15 21:08:23,831 INFO [evtable] Normalized 231 EV records
2025-08-15 21:08:35,631 INFO [sentence_transformers.SentenceTransformer] Use pytorch device_name: cpu
2025-08-15 21:08:35,632 INFO [sentence_transformers.SentenceTransformer] Load pretrained SentenceTransformer: sentence-transformers/all-MiniLM-L6-v2
2025-08-15 21:08:39,411 INFO [nlp] Semantic embedder loaded.
2025-08-15 21:09:08,464 INFO [routes.search] search timings: total=40.7ms (parse=0.7ms, filter=39.9ms, rank+sort=39.9ms, page/cache=0.1ms, cache_hit=False) q='suv with 7 seaters'
2025-08-15 21:09:34,817 INFO [routes.search] search timings: total=2.1ms (parse=0.7ms, filter=1.3ms, rank+sort=1.3ms, page/cache=0.1ms, cache_hit=False) q=''
2025-08-15 21:09:34,859 INFO [routes.search] search timings: total=1.7ms (parse=0.6ms, filter=1.1ms, rank+sort=1.1ms, page/cache=0.0ms, cache_hit=True) q=''
2025-08-15 21:09:52,248 INFO [routes.search] search timings: total=2.0ms (parse=0.1ms, filter=1.8ms, rank+sort=1.8ms, page/cache=0.1ms, cache_hit=False) q=''
2025-08-15 21:13:35,199 INFO [httpx] HTTP Request: GET https://evtable.com/all-manual-2024-03-09-1.js "HTTP/1.1 200 OK"
2025-08-15 21:13:35,274 INFO [evtable] Normalized 231 EV records
2025-08-15 21:13:49,211 INFO [sentence_transformers.SentenceTransformer] Use pytorch device_name: cpu
2025-08-15 21:13:49,212 INFO [sentence_transformers.SentenceTransformer] Load pretrained SentenceTransformer: sentence-transformers/all-MiniLM-L6-v2
2025-08-15 21:13:53,495 INFO [nlp] Semantic embedder loaded.
2025-08-15 21:18:11,469 INFO [httpx] HTTP Request: GET https://evtable.com/all-manual-2024-03-09-1.js "HTTP/1.1 200 OK"
2025-08-15 21:18:11,642 INFO [evtable] Normalized 231 EV records
2025-08-15 21:18:20,528 INFO [sentence_transformers.SentenceTransformer] Use pytorch device_name: cpu
2025-08-15 21:18:20,528 INFO [sentence_transformers.SentenceTransformer] Load pretrained SentenceTransformer: sentence-transformers/all-MiniLM-L6-v2
2025-08-15 21:18:23,217 INFO [nlp] Semantic embedder loaded.
2025-08-15 21:18:47,450 INFO [routes.search] search timings: total=29.8ms (parse+filter=1.6ms, rank+sort=28.1ms, page/cache=0.1ms, cache_hit=False) q='suv with 7 seats'
2025-08-15 21:18:59,750 INFO [routes.search] search timings: total=0.6ms (parse+filter=0.4ms, rank+sort=0.1ms, page/cache=0.0ms, cache_hit=False) q=''
2025-08-15 21:19:01,805 INFO [routes.search] search timings: total=1.3ms (parse+filter=0.5ms, rank+sort=0.7ms, page/cache=0.0ms, cache_hit=False) q=''
2025-08-15 21:19:10,908 INFO [routes.search] search timings: total=1.2ms (parse+filter=1.0ms, rank+sort=0.2ms, page/cache=0.1ms, cache_hit=False) q=''
2025-08-15 21:27:37,517 INFO [httpx] HTTP Request: GET https://evtable.com/all-manual-2024-03-09-1.js "HTTP/1.1 200 OK"
2025-08-15 21:27:37,582 INFO [evtable] Normalized 231 EV records
2025-08-15 21:27:46,640 INFO [sentence_transformers.SentenceTransformer] Use pytorch device_name: cpu
2025-08-15 21:27:46,640 INFO [sentence_transformers.SentenceTransformer] Load pretrained SentenceTransformer: sentence-transformers/all-MiniLM-L6-v2
2025-08-15 21:27:49,270 INFO [nlp] Semantic embedder loaded.
2025-08-15 21:28:07,535 INFO [routes.search] search timings: total=1.6ms (parse+filter=1.2ms, rank+sort=0.3ms, page/cache=0.1ms, cache_hit=False) q='suv 7 seats'
2025-08-15 21:28:25,645 INFO [routes.search] search timings: total=0.8ms (parse+filter=0.6ms, rank+sort=0.1ms, page/cache=0.1ms, cache_hit=False) q=''
2025-08-15 21:36:03,295 INFO [httpx] HTTP Request: GET https://evtable.com/all-manual-2024-03-09-1.js "HTTP/1.1 200 OK"
2025-08-15 21:36:03,361 INFO [evtable] Normalized 231 EV records
2025-08-15 21:36:35,927 INFO [sentence_transformers.SentenceTransformer] Use pytorch device_name: cpu
2025-08-15 21:36:35,927 INFO [sentence_transformers.SentenceTransformer] Load pretrained SentenceTransformer: sentence-transformers/all-MiniLM-L6-v2
2025-08-15 21:36:38,898 INFO [nlp] Semantic embedder loaded.
2025-08-15 21:36:56,520 INFO [routes.search] search timings: total=42.9ms (parse+filter=1.0ms, rank+sort=41.9ms, page/cache=0.1ms, cache_hit=False) q='suv with 7 seaters'
2025-08-15 21:37:20,856 INFO [routes.search] search timings: total=0.7ms (parse+filter=0.4ms, rank+sort=0.2ms, page/cache=0.1ms, cache_hit=False) q=''
2025-08-15 21:38:44,578 INFO [routes.search] search timings: total=0.5ms (parse+filter=0.3ms, rank+sort=0.1ms, page/cache=0.0ms, cache_hit=True) q=''
2025-08-15 21:39:15,143 INFO [routes.search] search timings: total=0.8ms (parse+filter=0.6ms, rank+sort=0.2ms, page/cache=0.0ms, cache_hit=True) q=''
2025-08-15 21:40:30,524 INFO [routes.search] search timings: total=0.9ms (parse+filter=0.7ms, rank+sort=0.2ms, page/cache=0.0ms, cache_hit=True) q=''
2025-08-15 21:43:48,755 INFO [routes.search] search timings: total=0.6ms (parse+filter=0.5ms, rank+sort=0.1ms, page/cache=0.0ms, cache_hit=True) q=''
2025-08-15 21:47:58,670 INFO [routes.search] search timings: total=0.7ms (parse+filter=0.6ms, rank+sort=0.1ms, page/cache=0.0ms, cache_hit=True) q=''
2025-08-15 21:48:27,929 INFO [routes.search] search timings: total=1.4ms (parse+filter=0.5ms, rank+sort=0.8ms, page/cache=0.1ms, cache_hit=False) q=''
2025-08-15 22:14:10,161 INFO [httpx] HTTP Request: GET https://evtable.com/all-manual-2024-03-09-1.js "HTTP/1.1 200 OK"
2025-08-15 22:14:10,267 INFO [evtable] Normalized 231 EV records
2025-08-15 22:14:22,096 INFO [sentence_transformers.SentenceTransformer] Use pytorch device_name: cpu
2025-08-15 22:14:22,096 INFO [sentence_transformers.SentenceTransformer] Load pretrained SentenceTransformer: sentence-transformers/all-MiniLM-L6-v2
2025-08-15 22:14:24,792 INFO [nlp] Semantic embedder loaded.
2025-08-15 22:14:41,507 INFO [routes.search] search timings: total=37.7ms (parse+filter=0.8ms, rank+sort=36.8ms, page/cache=0.1ms, cache_hit=False) q='suv 7 seaters'
2025-08-15 22:14:49,552 INFO [routes.search] search timings: total=1.4ms (parse+filter=0.1ms, rank+sort=1.2ms, page/cache=0.1ms, cache_hit=False) q=''
2025-08-15 22:14:53,286 INFO [routes.search] search timings: total=1.8ms (parse+filter=0.1ms, rank+sort=1.7ms, page/cache=0.0ms, cache_hit=True) q=''
2025-08-15 22:14:54,806 INFO [routes.search] search timings: total=1.5ms (parse+filter=0.1ms, rank+sort=1.4ms, page/cache=0.0ms, cache_hit=True) q=''
2025-08-15 22:19:07,838 INFO [routes.search] search timings: total=1.0ms (parse+filter=0.1ms, rank+sort=0.9ms, page/cache=0.0ms, cache_hit=True) q=''
2025-08-15 22:19:16,556 INFO [routes.search] search timings: total=1.6ms (parse+filter=0.6ms, rank+sort=1.0ms, page/cache=0.1ms, cache_hit=False) q='suv 5 seats'
2025-08-15 22:27:10,210 INFO [routes.search] search timings: total=1.2ms (parse+filter=0.1ms, rank+sort=1.1ms, page/cache=0.0ms, cache_hit=True) q=''
2025-08-15 22:27:15,743 INFO [routes.search] search timings: total=1.5ms (parse+filter=0.1ms, rank+sort=1.4ms, page/cache=0.0ms, cache_hit=True) q=''
2025-08-15 22:27:21,696 INFO [routes.search] search timings: total=1.1ms (parse+filter=0.1ms, rank+sort=1.0ms, page/cache=0.0ms, cache_hit=True) q=''
2025-08-15 22:27:43,838 INFO [httpx] HTTP Request: GET https://evtable.com/all-manual-2024-03-09-1.js "HTTP/1.1 200 OK"
2025-08-15 22:27:43,917 INFO [evtable] Normalized 231 EV records
2025-08-15 22:27:56,753 INFO [sentence_transformers.SentenceTransformer] Use pytorch device_name: cpu
2025-08-15 22:27:56,754 INFO [sentence_transformers.SentenceTransformer] Load pretrained SentenceTransformer: sentence-transformers/all-MiniLM-L6-v2
2025-08-15 22:28:00,667 INFO [nlp] Semantic embedder loaded.
2025-08-15 22:28:18,634 INFO [routes.search] search timings: total=34.2ms (parse+filter=1.1ms, rank+sort=33.0ms, page/cache=0.1ms, cache_hit=False) q='suv 7 seaters'
2025-08-15 22:28:21,863 INFO [routes.search] search timings: total=1.6ms (parse+filter=0.2ms, rank+sort=1.3ms, page/cache=0.1ms, cache_hit=False) q=''
2025-08-15 22:33:31,905 INFO [httpx] HTTP Request: GET https://evtable.com/all-manual-2024-03-09-1.js "HTTP/1.1 200 OK"
2025-08-15 22:33:31,974 INFO [evtable] Normalized 231 EV records
2025-08-15 22:33:42,941 INFO [sentence_transformers.SentenceTransformer] Use pytorch device_name: cpu
2025-08-15 22:33:42,941 INFO [sentence_transformers.SentenceTransformer] Load pretrained SentenceTransformer: sentence-transformers/all-MiniLM-L6-v2
2025-08-15 22:33:46,237 INFO [nlp] Semantic embedder loaded.
2025-08-15 22:33:53,058 INFO [httpx] HTTP Request: GET https://evtable.com/all-manual-2024-03-09-1.js "HTTP/1.1 200 OK"
2025-08-15 22:33:53,177 INFO [evtable] Normalized 231 EV records
2025-08-15 22:34:03,439 INFO [sentence_transformers.SentenceTransformer] Use pytorch device_name: cpu
2025-08-15 22:34:03,439 INFO [sentence_transformers.SentenceTransformer] Load pretrained SentenceTransformer: sentence-transformers/all-MiniLM-L6-v2
2025-08-15 22:34:06,387 INFO [nlp] Semantic embedder loaded.
2025-08-15 22:34:26,085 INFO [httpx] HTTP Request: GET https://evtable.com/all-manual-2024-03-09-1.js "HTTP/1.1 200 OK"
2025-08-15 22:34:26,154 INFO [evtable] Normalized 231 EV records
2025-08-15 22:34:38,428 INFO [sentence_transformers.SentenceTransformer] Use pytorch device_name: cpu
2025-08-15 22:34:38,429 INFO [sentence_transformers.SentenceTransformer] Load pretrained SentenceTransformer: sentence-transformers/all-MiniLM-L6-v2
2025-08-15 22:34:42,116 INFO [nlp] Semantic embedder loaded.
2025-08-15 22:34:49,567 INFO [httpx] HTTP Request: GET https://evtable.com/all-manual-2024-03-09-1.js "HTTP/1.1 200 OK"
2025-08-15 22:34:49,793 INFO [evtable] Normalized 231 EV records
2025-08-15 22:35:02,534 INFO [sentence_transformers.SentenceTransformer] Use pytorch device_name: cpu
2025-08-15 22:35:02,534 INFO [sentence_transformers.SentenceTransformer] Load pretrained SentenceTransformer: sentence-transformers/all-MiniLM-L6-v2
2025-08-15 22:35:05,836 INFO [nlp] Semantic embedder loaded.
2025-08-15 22:36:54,971 INFO [httpx] HTTP Request: GET https://evtable.com/all-manual-2024-03-09-1.js "HTTP/1.1 200 OK"
2025-08-15 22:36:55,048 INFO [evtable] Normalized 231 EV records
2025-08-15 22:37:06,702 INFO [sentence_transformers.SentenceTransformer] Use pytorch device_name: cpu
2025-08-15 22:37:06,703 INFO [sentence_transformers.SentenceTransformer] Load pretrained SentenceTransformer: sentence-transformers/all-MiniLM-L6-v2
2025-08-15 22:37:09,352 INFO [nlp] Semantic embedder loaded.
2025-08-15 22:38:57,089 INFO [httpx] HTTP Request: GET https://evtable.com/all-manual-2024-03-09-1.js "HTTP/1.1 200 OK"
2025-08-15 22:38:57,159 INFO [evtable] Normalized 231 EV records
2025-08-15 22:39:09,875 INFO [sentence_transformers.SentenceTransformer] Use pytorch device_name: cpu
2025-08-15 22:39:09,876 INFO [sentence_transformers.SentenceTransformer] Load pretrained SentenceTransformer: sentence-transformers/all-MiniLM-L6-v2
2025-08-15 22:39:14,107 INFO [nlp] Semantic embedder loaded.
2025-08-15 22:42:30,251 INFO [httpx] HTTP Request: GET https://evtable.com/all-manual-2024-03-09-1.js "HTTP/1.1 200 OK"
2025-08-15 22:42:30,375 INFO [evtable] Normalized 231 EV records
2025-08-15 22:42:39,907 INFO [sentence_transformers.SentenceTransformer] Use pytorch device_name: cpu
2025-08-15 22:42:39,907 INFO [sentence_transformers.SentenceTransformer] Load pretrained SentenceTransformer: sentence-transformers/all-MiniLM-L6-v2
2025-08-15 22:42:42,715 INFO [nlp] Semantic embedder loaded.
2025-08-15 22:42:48,781 INFO [httpx] HTTP Request: GET https://evtable.com/all-manual-2024-03-09-1.js "HTTP/1.1 200 OK"
2025-08-15 22:42:48,851 INFO [evtable] Normalized 231 EV records
2025-08-15 22:43:00,232 INFO [sentence_transformers.SentenceTransformer] Use pytorch device_name: cpu
2025-08-15 22:43:00,232 INFO [sentence_transformers.SentenceTransformer] Load pretrained SentenceTransformer: sentence-transformers/all-MiniLM-L6-v2
2025-08-15 22:43:02,948 INFO [nlp] Semantic embedder loaded.
2025-08-15 23:45:00,354 INFO [httpx] HTTP Request: GET https://evtable.com/all-manual-2024-03-09-1.js "HTTP/1.1 200 OK"
2025-08-15 23:45:00,425 INFO [evtable] Normalized 231 EV records
2025-08-15 23:45:11,031 INFO [sentence_transformers.SentenceTransformer] Use pytorch device_name: cpu
2025-08-15 23:45:11,031 INFO [sentence_transformers.SentenceTransformer] Load pretrained SentenceTransformer: sentence-transformers/all-MiniLM-L6-v2
2025-08-15 23:45:13,774 INFO [nlp] Semantic embedder loaded.
2025-08-15 23:45:20,767 INFO [httpx] HTTP Request: GET https://evtable.com/all-manual-2024-03-09-1.js "HTTP/1.1 200 OK"
2025-08-15 23:45:20,838 INFO [evtable] Normalized 231 EV records
2025-08-15 23:45:30,788 INFO [sentence_transformers.SentenceTransformer] Use pytorch device_name: cpu
2025-08-15 23:45:30,793 INFO [sentence_transformers.SentenceTransformer] Load pretrained SentenceTransformer: sentence-transformers/all-MiniLM-L6-v2
2025-08-15 23:45:33,694 INFO [nlp] Semantic embedder loaded.
2025-08-15 23:47:47,071 INFO [httpx] HTTP Request: GET https://evtable.com/all-manual-2024-03-09-1.js "HTTP/1.1 200 OK"
2025-08-15 23:47:47,138 INFO [evtable] Normalized 231 EV records
2025-08-15 23:47:56,030 INFO [sentence_transformers.SentenceTransformer] Use pytorch device_name: cpu
2025-08-15 23:47:56,030 INFO [sentence_transformers.SentenceTransformer] Load pretrained SentenceTransformer: sentence-transformers/all-MiniLM-L6-v2
2025-08-15 23:47:58,792 INFO [nlp] Semantic embedder loaded.
2025-08-15 23:53:38,315 INFO [httpx] HTTP Request: GET https://evtable.com/all-manual-2024-03-09-1.js "HTTP/1.1 200 OK"
2025-08-15 23:53:38,391 INFO [evtable] Normalized 231 EV records
2025-08-15 23:53:50,193 INFO [sentence_transformers.SentenceTransformer] Use pytorch device_name: cpu
2025-08-15 23:53:50,194 INFO [sentence_transformers.SentenceTransformer] Load pretrained SentenceTransformer: sentence-transformers/all-MiniLM-L6-v2
2025-08-15 23:53:53,223 INFO [nlp] Semantic embedder loaded.
2025-08-16 00:20:43,938 INFO [httpx] HTTP Request: GET https://evtable.com/all-manual-2024-03-09-1.js "HTTP/1.1 200 OK"
2025-08-16 00:20:44,038 INFO [evtable] Normalized 231 EV records
2025-08-16 00:20:56,480 INFO [sentence_transformers.SentenceTransformer] Use pytorch device_name: cpu
2025-08-16 00:20:56,480 INFO [sentence_transformers.SentenceTransformer] Load pretrained SentenceTransformer: sentence-transformers/all-MiniLM-L6-v2
2025-08-16 00:20:59,985 INFO [nlp] Semantic embedder loaded.
2025-08-16 00:21:06,834 INFO [httpx] HTTP Request: GET https://evtable.com/all-manual-2024-03-09-1.js "HTTP/1.1 200 OK"
2025-08-16 00:21:06,918 INFO [evtable] Normalized 231 EV records
2025-08-16 00:21:17,463 INFO [sentence_transformers.SentenceTransformer] Use pytorch device_name: cpu
2025-08-16 00:21:17,464 INFO [sentence_transformers.SentenceTransformer] Load pretrained SentenceTransformer: sentence-transformers/all-MiniLM-L6-v2
2025-08-16 00:21:20,884 INFO [nlp] Semantic embedder loaded.
2025-08-16 00:21:28,390 INFO [httpx] HTTP Request: GET https://evtable.com/all-manual-2024-03-09-1.js "HTTP/1.1 200 OK"
2025-08-16 00:21:28,492 INFO [evtable] Normalized 231 EV records
2025-08-16 00:21:40,016 INFO [sentence_transformers.SentenceTransformer] Use pytorch device_name: cpu
2025-08-16 00:21:40,017 INFO [sentence_transformers.SentenceTransformer] Load pretrained SentenceTransformer: sentence-transformers/all-MiniLM-L6-v2
2025-08-16 00:21:45,965 INFO [nlp] Semantic embedder loaded.
2025-08-16 00:26:31,125 INFO [httpx] HTTP Request: GET https://evtable.com/all-manual-2024-03-09-1.js "HTTP/1.1 200 OK"
2025-08-16 00:26:31,305 INFO [evtable] Normalized 231 EV records
2025-08-16 00:26:42,841 INFO [sentence_transformers.SentenceTransformer] Use pytorch device_name: cpu
2025-08-16 00:26:42,841 INFO [sentence_transformers.SentenceTransformer] Load pretrained SentenceTransformer: sentence-transformers/all-MiniLM-L6-v2
2025-08-16 00:26:46,780 INFO [nlp] Semantic embedder loaded.
2025-08-16 00:37:34,727 INFO [httpx] HTTP Request: GET https://evtable.com/all-manual-2024-03-09-1.js "HTTP/1.1 200 OK"
2025-08-16 00:37:34,838 INFO [evtable] Normalized 231 EV records
2025-08-16 00:37:46,514 INFO [sentence_transformers.SentenceTransformer] Use pytorch device_name: cpu
2025-08-16 00:37:46,515 INFO [sentence_transformers.SentenceTransformer] Load pretrained SentenceTransformer: sentence-transformers/all-MiniLM-L6-v2
2025-08-16 00:37:49,647 INFO [nlp] Semantic embedder loaded.
2025-08-16 00:43:22,039 INFO [httpx] HTTP Request: GET https://evtable.com/all-manual-2024-03-09-1.js "HTTP/1.1 200 OK"
2025-08-16 00:43:22,151 INFO [evtable] Normalized 231 EV records
2025-08-16 00:43:32,607 INFO [sentence_transformers.SentenceTransformer] Use pytorch device_name: cpu
2025-08-16 00:43:32,607 INFO [sentence_transformers.SentenceTransformer] Load pretrained SentenceTransformer: sentence-transformers/all-MiniLM-L6-v2
2025-08-16 00:43:35,782 INFO [nlp] Semantic embedder loaded.
2025-08-16 00:44:45,100 INFO [routes.saved] saved:/saved cookie raw len=32
2025-08-16 00:44:45,101 INFO [routes.saved] saved:/saved cookie decoded preview='audi|q4 e|tron sportback'
2025-08-16 00:44:45,102 INFO [routes.saved] saved:/saved normalized keys count=1 sample=['audi|q4 e|tron sportback']
2025-08-16 00:44:45,102 INFO [routes.saved] saved:/saved catalog size=231
2025-08-16 00:44:45,103 WARNING [routes.saved] saved:/saved 1 unmatched keys (not in catalog), sample=['audi|q4 e|tron sportback']
2025-08-16 00:44:45,104 INFO [routes.saved] saved:/saved matched cards=0
2025-08-16 00:44:47,737 INFO [routes.saved] saved:/saved cookie raw len=32
2025-08-16 00:44:47,737 INFO [routes.saved] saved:/saved cookie decoded preview='audi|q4 e|tron sportback'
2025-08-16 00:44:47,738 INFO [routes.saved] saved:/saved normalized keys count=1 sample=['audi|q4 e|tron sportback']
2025-08-16 00:44:47,738 INFO [routes.saved] saved:/saved catalog size=231
2025-08-16 00:44:47,739 WARNING [routes.saved] saved:/saved 1 unmatched keys (not in catalog), sample=['audi|q4 e|tron sportback']
2025-08-16 00:44:47,740 INFO [routes.saved] saved:/saved matched cards=0
2025-08-16 00:46:39,681 INFO [httpx] HTTP Request: GET https://evtable.com/all-manual-2024-03-09-1.js "HTTP/1.1 200 OK"
2025-08-16 00:46:39,777 INFO [evtable] Normalized 231 EV records
2025-08-16 00:46:52,372 INFO [sentence_transformers.SentenceTransformer] Use pytorch device_name: cpu
2025-08-16 00:46:52,373 INFO [sentence_transformers.SentenceTransformer] Load pretrained SentenceTransformer: sentence-transformers/all-MiniLM-L6-v2
2025-08-16 00:46:56,871 INFO [nlp] Semantic embedder loaded.
2025-08-16 00:50:08,114 INFO [routes.saved] saved:/saved cookie raw len=32
2025-08-16 00:50:08,115 INFO [routes.saved] saved:/saved cookie decoded preview='audi|q4 e|tron sportback'
2025-08-16 00:50:08,116 INFO [routes.saved] saved:/saved normalized keys count=1 sample=['audi|q4 e-tron sportback']
2025-08-16 00:50:08,116 INFO [routes.saved] saved:/saved catalog size=231
2025-08-16 00:50:08,117 INFO [routes.saved] saved:/saved matched cards=1
2025-08-16 00:50:08,117 INFO [routes.saved] saved:/saved first match sample=Audi Q4 e-tron Sportback
2025-08-16 00:50:12,821 INFO [routes.saved] saved:/saved cookie raw len=30
2025-08-16 00:50:12,821 INFO [routes.saved] saved:/saved cookie decoded preview='audi|q4 e-tron sportback'
2025-08-16 00:50:12,822 INFO [routes.saved] saved:/saved normalized keys count=1 sample=['audi|q4 e-tron sportback']
2025-08-16 00:50:12,823 INFO [routes.saved] saved:/saved catalog size=231
2025-08-16 00:50:12,824 INFO [routes.saved] saved:/saved matched cards=1
2025-08-16 00:50:12,824 INFO [routes.saved] saved:/saved first match sample=Audi Q4 e-tron Sportback
2025-08-16 00:50:23,020 INFO [routes.saved] saved:/saved cookie raw len=73
2025-08-16 00:50:23,020 INFO [routes.saved] saved:/saved cookie decoded preview='audi|q4 e-tron sportback,audi|sq8 e-tron,audi|e-tron gt'
2025-08-16 00:50:23,021 INFO [routes.saved] saved:/saved normalized keys count=3 sample=['audi|sq8 e-tron', 'audi|e-tron gt', 'audi|q4 e-tron sportback']
2025-08-16 00:50:23,021 INFO [routes.saved] saved:/saved catalog size=231
2025-08-16 00:50:23,022 INFO [routes.saved] saved:/saved matched cards=4
2025-08-16 00:50:23,022 INFO [routes.saved] saved:/saved first match sample=Audi Q4 e-tron Sportback
2025-08-16 00:50:33,389 INFO [routes.saved] saved:/saved cookie raw len=73
2025-08-16 00:50:33,389 INFO [routes.saved] saved:/saved cookie decoded preview='audi|q4 e-tron sportback,audi|sq8 e-tron,audi|e-tron gt'
2025-08-16 00:50:33,390 INFO [routes.saved] saved:/saved normalized keys count=3 sample=['audi|sq8 e-tron', 'audi|e-tron gt', 'audi|q4 e-tron sportback']
2025-08-16 00:50:33,390 INFO [routes.saved] saved:/saved catalog size=231
2025-08-16 00:50:33,391 INFO [routes.saved] saved:/saved matched cards=4
2025-08-16 00:50:33,391 INFO [routes.saved] saved:/saved first match sample=Audi Q4 e-tron Sportback
2025-08-16 00:51:03,708 INFO [routes.saved] saved:/saved cookie raw len=124
2025-08-16 00:51:03,709 INFO [routes.saved] saved:/saved cookie decoded preview='audi|sq8 e-tron,audi|e-tron gt,audi|q4 e-tron sportback,bmw|330e xdrive sedan,bentley|bentayga'
2025-08-16 00:51:03,709 INFO [routes.saved] saved:/saved normalized keys count=5 sample=['audi|e-tron gt', 'bmw|330e xdrive sedan', 'audi|q4 e-tron sportback', 'bentley|bentayga', 'audi|sq8 e-tron']
2025-08-16 00:51:03,709 INFO [routes.saved] saved:/saved catalog size=231
2025-08-16 00:51:03,710 INFO [routes.saved] saved:/saved matched cards=6
2025-08-16 00:51:03,710 INFO [routes.saved] saved:/saved first match sample=Audi Q4 e-tron Sportback
2025-08-16 00:52:19,040 INFO [routes.saved] saved:/saved cookie raw len=124
2025-08-16 00:52:19,041 INFO [routes.saved] saved:/saved cookie decoded preview='audi|sq8 e-tron,audi|e-tron gt,audi|q4 e-tron sportback,bmw|330e xdrive sedan,bentley|bentayga'
2025-08-16 00:52:19,042 INFO [routes.saved] saved:/saved normalized keys count=5 sample=['audi|e-tron gt', 'bmw|330e xdrive sedan', 'audi|q4 e-tron sportback', 'bentley|bentayga', 'audi|sq8 e-tron']
2025-08-16 00:52:19,042 INFO [routes.saved] saved:/saved catalog size=231
2025-08-16 00:52:19,043 INFO [routes.saved] saved:/saved matched cards=6
2025-08-16 00:52:19,043 INFO [routes.saved] saved:/saved first match sample=Audi Q4 e-tron Sportback
2025-08-16 00:52:30,872 INFO [routes.saved] saved:/saved cookie raw len=124
2025-08-16 00:52:30,873 INFO [routes.saved] saved:/saved cookie decoded preview='audi|sq8 e-tron,audi|e-tron gt,audi|q4 e-tron sportback,bmw|330e xdrive sedan,bentley|bentayga'
2025-08-16 00:52:30,873 INFO [routes.saved] saved:/saved normalized keys count=5 sample=['audi|e-tron gt', 'bmw|330e xdrive sedan', 'audi|q4 e-tron sportback', 'bentley|bentayga', 'audi|sq8 e-tron']
2025-08-16 00:52:30,873 INFO [routes.saved] saved:/saved catalog size=231
2025-08-16 00:52:30,874 INFO [routes.saved] saved:/saved matched cards=6
2025-08-16 00:52:30,874 INFO [routes.saved] saved:/saved first match sample=Audi Q4 e-tron Sportback
2025-08-16 00:52:37,091 INFO [routes.saved] saved:/saved cookie raw len=124
2025-08-16 00:52:37,091 INFO [routes.saved] saved:/saved cookie decoded preview='audi|sq8 e-tron,audi|e-tron gt,audi|q4 e-tron sportback,bmw|330e xdrive sedan,bentley|bentayga'
2025-08-16 00:52:37,092 INFO [routes.saved] saved:/saved normalized keys count=5 sample=['audi|e-tron gt', 'bmw|330e xdrive sedan', 'audi|q4 e-tron sportback', 'bentley|bentayga', 'audi|sq8 e-tron']
2025-08-16 00:52:37,092 INFO [routes.saved] saved:/saved catalog size=231
2025-08-16 00:52:37,094 INFO [routes.saved] saved:/saved matched cards=6
2025-08-16 00:52:37,094 INFO [routes.saved] saved:/saved first match sample=Audi Q4 e-tron Sportback
2025-08-16 00:52:40,129 INFO [routes.saved] saved:/saved cookie raw len=124
2025-08-16 00:52:40,130 INFO [routes.saved] saved:/saved cookie decoded preview='audi|sq8 e-tron,audi|e-tron gt,audi|q4 e-tron sportback,bmw|330e xdrive sedan,bentley|bentayga'
2025-08-16 00:52:40,130 INFO [routes.saved] saved:/saved normalized keys count=5 sample=['audi|e-tron gt', 'bmw|330e xdrive sedan', 'audi|q4 e-tron sportback', 'bentley|bentayga', 'audi|sq8 e-tron']
2025-08-16 00:52:40,130 INFO [routes.saved] saved:/saved catalog size=231
2025-08-16 00:52:40,131 INFO [routes.saved] saved:/saved matched cards=6
2025-08-16 00:52:40,132 INFO [routes.saved] saved:/saved first match sample=Audi Q4 e-tron Sportback
2025-08-16 00:52:43,776 INFO [routes.saved] saved:/saved cookie raw len=124
2025-08-16 00:52:43,777 INFO [routes.saved] saved:/saved cookie decoded preview='audi|sq8 e-tron,audi|e-tron gt,audi|q4 e-tron sportback,bmw|330e xdrive sedan,bentley|bentayga'
2025-08-16 00:52:43,777 INFO [routes.saved] saved:/saved normalized keys count=5 sample=['audi|e-tron gt', 'bmw|330e xdrive sedan', 'audi|q4 e-tron sportback', 'bentley|bentayga', 'audi|sq8 e-tron']
2025-08-16 00:52:43,778 INFO [routes.saved] saved:/saved catalog size=231
2025-08-16 00:52:43,778 INFO [routes.saved] saved:/saved matched cards=6
2025-08-16 00:52:43,779 INFO [routes.saved] saved:/saved first match sample=Audi Q4 e-tron Sportback
2025-08-16 00:55:12,411 INFO [httpx] HTTP Request: GET https://evtable.com/all-manual-2024-03-09-1.js "HTTP/1.1 200 OK"
2025-08-16 00:55:12,517 INFO [evtable] Normalized 231 EV records
2025-08-16 00:55:24,436 INFO [sentence_transformers.SentenceTransformer] Use pytorch device_name: cpu
2025-08-16 00:55:24,437 INFO [sentence_transformers.SentenceTransformer] Load pretrained SentenceTransformer: sentence-transformers/all-MiniLM-L6-v2
2025-08-16 00:55:28,202 INFO [nlp] Semantic embedder loaded.
2025-08-16 00:56:41,382 INFO [routes.saved] saved:/saved cookie raw len=124
2025-08-16 00:56:41,383 INFO [routes.saved] saved:/saved cookie decoded preview='audi|sq8 e-tron,audi|e-tron gt,audi|q4 e-tron sportback,bmw|330e xdrive sedan,bentley|bentayga'
2025-08-16 00:56:41,384 INFO [routes.saved] saved:/saved normalized keys count=5 sample=['audi|sq8 e-tron', 'bentley|bentayga', 'bmw|330e xdrive sedan', 'audi|e-tron gt', 'audi|q4 e-tron sportback']
2025-08-16 00:56:41,385 INFO [routes.saved] saved:/saved catalog size=231
2025-08-16 00:56:41,385 INFO [routes.saved] saved:/saved matched cards=6
2025-08-16 00:56:41,386 INFO [routes.saved] saved:/saved first match sample=Audi Q4 e-tron Sportback
2025-08-16 00:56:47,996 INFO [routes.saved] saved:/saved cookie raw len=124
2025-08-16 00:56:47,997 INFO [routes.saved] saved:/saved cookie decoded preview='audi|sq8 e-tron,audi|e-tron gt,audi|q4 e-tron sportback,bmw|330e xdrive sedan,bentley|bentayga'
2025-08-16 00:56:47,997 INFO [routes.saved] saved:/saved normalized keys count=5 sample=['audi|sq8 e-tron', 'bentley|bentayga', 'bmw|330e xdrive sedan', 'audi|e-tron gt', 'audi|q4 e-tron sportback']
2025-08-16 00:56:47,998 INFO [routes.saved] saved:/saved catalog size=231
2025-08-16 00:56:47,999 INFO [routes.saved] saved:/saved matched cards=6
2025-08-16 00:56:47,999 INFO [routes.saved] saved:/saved first match sample=Audi Q4 e-tron Sportback
2025-08-16 00:58:14,003 INFO [routes.saved] saved:/saved cookie raw len=124
2025-08-16 00:58:14,003 INFO [routes.saved] saved:/saved cookie decoded preview='audi|sq8 e-tron,audi|e-tron gt,audi|q4 e-tron sportback,bmw|330e xdrive sedan,bentley|bentayga'
2025-08-16 00:58:14,004 INFO [routes.saved] saved:/saved normalized keys count=5 sample=['audi|sq8 e-tron', 'bentley|bentayga', 'bmw|330e xdrive sedan', 'audi|e-tron gt', 'audi|q4 e-tron sportback']
2025-08-16 00:58:14,004 INFO [routes.saved] saved:/saved catalog size=231
2025-08-16 00:58:14,005 INFO [routes.saved] saved:/saved matched cards=6
2025-08-16 00:58:14,006 INFO [routes.saved] saved:/saved first match sample=Audi Q4 e-tron Sportback
2025-08-16 00:58:16,421 INFO [routes.saved] saved:/saved cookie raw len=124
2025-08-16 00:58:16,422 INFO [routes.saved] saved:/saved cookie decoded preview='audi|sq8 e-tron,audi|e-tron gt,audi|q4 e-tron sportback,bmw|330e xdrive sedan,bentley|bentayga'
2025-08-16 00:58:16,422 INFO [routes.saved] saved:/saved normalized keys count=5 sample=['audi|sq8 e-tron', 'bentley|bentayga', 'bmw|330e xdrive sedan', 'audi|e-tron gt', 'audi|q4 e-tron sportback']
2025-08-16 00:58:16,423 INFO [routes.saved] saved:/saved catalog size=231
2025-08-16 00:58:16,423 INFO [routes.saved] saved:/saved matched cards=6
2025-08-16 00:58:16,424 INFO [routes.saved] saved:/saved first match sample=Audi Q4 e-tron Sportback
2025-08-16 00:59:21,264 INFO [routes.saved] saved:/saved cookie raw len=124
2025-08-16 00:59:21,264 INFO [routes.saved] saved:/saved cookie decoded preview='audi|sq8 e-tron,audi|e-tron gt,audi|q4 e-tron sportback,bmw|330e xdrive sedan,bentley|bentayga'
2025-08-16 00:59:21,265 INFO [routes.saved] saved:/saved normalized keys count=5 sample=['audi|sq8 e-tron', 'bentley|bentayga', 'bmw|330e xdrive sedan', 'audi|e-tron gt', 'audi|q4 e-tron sportback']
2025-08-16 00:59:21,265 INFO [routes.saved] saved:/saved catalog size=231
2025-08-16 00:59:21,265 INFO [routes.saved] saved:/saved matched cards=6
2025-08-16 00:59:21,266 INFO [routes.saved] saved:/saved first match sample=Audi Q4 e-tron Sportback
2025-08-16 00:59:32,840 INFO [routes.saved] saved:/saved cookie raw len=102
2025-08-16 00:59:32,841 INFO [routes.saved] saved:/saved cookie decoded preview='audi|e-tron gt,audi|q4 e-tron sportback,bmw|330e xdrive sedan,bentley|bentayga'
2025-08-16 00:59:32,841 INFO [routes.saved] saved:/saved normalized keys count=4 sample=['audi|e-tron gt', 'bentley|bentayga', 'audi|q4 e-tron sportback', 'bmw|330e xdrive sedan']
2025-08-16 00:59:32,842 INFO [routes.saved] saved:/saved catalog size=231
2025-08-16 00:59:32,843 INFO [routes.saved] saved:/saved matched cards=4
2025-08-16 00:59:32,843 INFO [routes.saved] saved:/saved first match sample=Audi Q4 e-tron Sportback
2025-08-16 00:59:41,555 INFO [routes.saved] saved:/saved cookie raw len=81
2025-08-16 00:59:41,555 INFO [routes.saved] saved:/saved cookie decoded preview='audi|q4 e-tron sportback,bmw|330e xdrive sedan,bentley|bentayga'
2025-08-16 00:59:41,556 INFO [routes.saved] saved:/saved normalized keys count=3 sample=['bentley|bentayga', 'audi|q4 e-tron sportback', 'bmw|330e xdrive sedan']
2025-08-16 00:59:41,556 INFO [routes.saved] saved:/saved catalog size=231
2025-08-16 00:59:41,557 INFO [routes.saved] saved:/saved matched cards=3
2025-08-16 00:59:41,558 INFO [routes.saved] saved:/saved first match sample=Audi Q4 e-tron Sportback
2025-08-16 01:00:04,186 INFO [routes.saved] saved:/saved cookie raw len=189
2025-08-16 01:00:04,187 INFO [routes.saved] saved:/saved cookie decoded preview='audi|q4 e-tron sportback,bmw|330e xdrive sedan,bentley|bentayga,audi|q5 tfsi e quattro,audi|sq8 sportback e-tron,kia|ev9 light long range rwd'
2025-08-16 01:00:04,187 INFO [routes.saved] saved:/saved normalized keys count=6 sample=['audi|q5 tfsi e quattro', 'bentley|bentayga', 'bmw|330e xdrive sedan', 'kia|ev9 light long range rwd', 'audi|q4 e-tron sportback', 'audi|sq8 sportback e-tron']
2025-08-16 01:00:04,188 INFO [routes.saved] saved:/saved catalog size=231
2025-08-16 01:00:04,189 INFO [routes.saved] saved:/saved matched cards=7
2025-08-16 01:00:04,189 INFO [routes.saved] saved:/saved first match sample=Audi Q4 e-tron Sportback
2025-08-16 01:00:17,282 INFO [routes.saved] saved:/saved cookie raw len=189
2025-08-16 01:00:17,282 INFO [routes.saved] saved:/saved cookie decoded preview='audi|q4 e-tron sportback,bmw|330e xdrive sedan,bentley|bentayga,audi|q5 tfsi e quattro,audi|sq8 sportback e-tron,kia|ev9 light long range rwd'
2025-08-16 01:00:17,283 INFO [routes.saved] saved:/saved normalized keys count=6 sample=['audi|q5 tfsi e quattro', 'bentley|bentayga', 'bmw|330e xdrive sedan', 'kia|ev9 light long range rwd', 'audi|q4 e-tron sportback', 'audi|sq8 sportback e-tron']
2025-08-16 01:00:17,283 INFO [routes.saved] saved:/saved catalog size=231
2025-08-16 01:00:17,284 INFO [routes.saved] saved:/saved matched cards=7
2025-08-16 01:00:17,284 INFO [routes.saved] saved:/saved first match sample=Audi Q4 e-tron Sportback
2025-08-16 01:06:00,606 INFO [routes.saved] saved:/saved cookie raw len=189
2025-08-16 01:06:00,607 INFO [routes.saved] saved:/saved cookie decoded preview='audi|q4 e-tron sportback,bmw|330e xdrive sedan,bentley|bentayga,audi|q5 tfsi e quattro,audi|sq8 sportback e-tron,kia|ev9 light long range rwd'
2025-08-16 01:06:00,607 INFO [routes.saved] saved:/saved normalized keys count=6 sample=['audi|q5 tfsi e quattro', 'bentley|bentayga', 'bmw|330e xdrive sedan', 'kia|ev9 light long range rwd', 'audi|q4 e-tron sportback', 'audi|sq8 sportback e-tron']
2025-08-16 01:06:00,608 INFO [routes.saved] saved:/saved catalog size=231
2025-08-16 01:06:00,608 INFO [routes.saved] saved:/saved matched cards=7
2025-08-16 01:06:00,608 INFO [routes.saved] saved:/saved first match sample=Audi Q4 e-tron Sportback
2025-08-16 01:06:03,476 INFO [routes.saved] saved:/saved cookie raw len=189
2025-08-16 01:06:03,477 INFO [routes.saved] saved:/saved cookie decoded preview='audi|q4 e-tron sportback,bmw|330e xdrive sedan,bentley|bentayga,audi|q5 tfsi e quattro,audi|sq8 sportback e-tron,kia|ev9 light long range rwd'
2025-08-16 01:06:03,477 INFO [routes.saved] saved:/saved normalized keys count=6 sample=['audi|q5 tfsi e quattro', 'bentley|bentayga', 'bmw|330e xdrive sedan', 'kia|ev9 light long range rwd', 'audi|q4 e-tron sportback', 'audi|sq8 sportback e-tron']
2025-08-16 01:06:03,477 INFO [routes.saved] saved:/saved catalog size=231
2025-08-16 01:06:03,478 INFO [routes.saved] saved:/saved matched cards=7
2025-08-16 01:06:03,479 INFO [routes.saved] saved:/saved first match sample=Audi Q4 e-tron Sportback
2025-08-16 01:07:04,850 INFO [routes.saved] saved:/saved cookie raw len=189
2025-08-16 01:07:04,850 INFO [routes.saved] saved:/saved cookie decoded preview='audi|q4 e-tron sportback,bmw|330e xdrive sedan,bentley|bentayga,audi|q5 tfsi e quattro,audi|sq8 sportback e-tron,kia|ev9 light long range rwd'
2025-08-16 01:07:04,851 INFO [routes.saved] saved:/saved normalized keys count=6 sample=['audi|q5 tfsi e quattro', 'bentley|bentayga', 'bmw|330e xdrive sedan', 'kia|ev9 light long range rwd', 'audi|q4 e-tron sportback', 'audi|sq8 sportback e-tron']
2025-08-16 01:07:04,851 INFO [routes.saved] saved:/saved catalog size=231
2025-08-16 01:07:04,852 INFO [routes.saved] saved:/saved matched cards=7
2025-08-16 01:07:04,852 INFO [routes.saved] saved:/saved first match sample=Audi Q4 e-tron Sportback
2025-08-16 01:07:14,264 INFO [routes.saved] saved:/saved cookie raw len=160
2025-08-16 01:07:14,265 INFO [routes.saved] saved:/saved cookie decoded preview='audi|q4 e|tron sportback,bmw|330e xdrive sedan,bentley|bentayga,audi|sq8 sportback e|tron,kia|ev9 light long range rwd'
2025-08-16 01:07:14,265 INFO [routes.saved] saved:/saved normalized keys count=5 sample=['bentley|bentayga', 'bmw|330e xdrive sedan', 'kia|ev9 light long range rwd', 'audi|q4 e-tron sportback', 'audi|sq8 sportback e-tron']
2025-08-16 01:07:14,265 INFO [routes.saved] saved:/saved catalog size=231
2025-08-16 01:07:14,266 INFO [routes.saved] saved:/saved matched cards=6
2025-08-16 01:07:14,266 INFO [routes.saved] saved:/saved first match sample=Audi Q4 e-tron Sportback
2025-08-16 01:07:22,923 INFO [routes.saved] saved:/saved cookie raw len=160
2025-08-16 01:07:22,923 INFO [routes.saved] saved:/saved cookie decoded preview='audi|q4 e|tron sportback,bmw|330e xdrive sedan,bentley|bentayga,audi|sq8 sportback e|tron,kia|ev9 light long range rwd'
2025-08-16 01:07:22,923 INFO [routes.saved] saved:/saved normalized keys count=5 sample=['bentley|bentayga', 'bmw|330e xdrive sedan', 'kia|ev9 light long range rwd', 'audi|q4 e-tron sportback', 'audi|sq8 sportback e-tron']
2025-08-16 01:07:22,924 INFO [routes.saved] saved:/saved catalog size=231
2025-08-16 01:07:22,924 INFO [routes.saved] saved:/saved matched cards=6
2025-08-16 01:07:22,925 INFO [routes.saved] saved:/saved first match sample=Audi Q4 e-tron Sportback
2025-08-16 01:07:30,878 INFO [routes.saved] saved:/saved cookie raw len=125
2025-08-16 01:07:30,879 INFO [routes.saved] saved:/saved cookie decoded preview='bmw|330e xdrive sedan,bentley|bentayga,audi|sq8 sportback e|tron,kia|ev9 light long range rwd'
2025-08-16 01:07:30,879 INFO [routes.saved] saved:/saved normalized keys count=4 sample=['kia|ev9 light long range rwd', 'bentley|bentayga', 'audi|sq8 sportback e-tron', 'bmw|330e xdrive sedan']
2025-08-16 01:07:30,880 INFO [routes.saved] saved:/saved catalog size=231
2025-08-16 01:07:30,880 INFO [routes.saved] saved:/saved matched cards=5
2025-08-16 01:07:30,881 INFO [routes.saved] saved:/saved first match sample=Audi SQ8 Sportback e-tron (20 inch wheels)
2025-08-16 01:10:03,542 INFO [routes.saved] saved:/saved cookie raw len=125
2025-08-16 01:10:03,543 INFO [routes.saved] saved:/saved cookie decoded preview='bmw|330e xdrive sedan,bentley|bentayga,audi|sq8 sportback e|tron,kia|ev9 light long range rwd'
2025-08-16 01:10:03,543 INFO [routes.saved] saved:/saved normalized keys count=4 sample=['kia|ev9 light long range rwd', 'bentley|bentayga', 'audi|sq8 sportback e-tron', 'bmw|330e xdrive sedan']
2025-08-16 01:10:03,544 INFO [routes.saved] saved:/saved catalog size=231
2025-08-16 01:10:03,544 INFO [routes.saved] saved:/saved matched cards=5
2025-08-16 01:10:03,545 INFO [routes.saved] saved:/saved first match sample=Audi SQ8 Sportback e-tron (20 inch wheels)
2025-08-16 01:15:43,472 INFO [httpx] HTTP Request: GET https://evtable.com/all-manual-2024-03-09-1.js "HTTP/1.1 200 OK"
2025-08-16 01:15:43,583 INFO [evtable] Normalized 231 EV records
2025-08-16 01:15:53,435 INFO [sentence_transformers.SentenceTransformer] Use pytorch device_name: cpu
2025-08-16 01:15:53,435 INFO [sentence_transformers.SentenceTransformer] Load pretrained SentenceTransformer: sentence-transformers/all-MiniLM-L6-v2
2025-08-16 01:15:56,298 INFO [nlp] Semantic embedder loaded.
2025-08-16 01:15:59,340 INFO [routes.saved] saved:/saved cookie raw len=125
2025-08-16 01:15:59,340 INFO [routes.saved] saved:/saved cookie decoded preview='bmw|330e xdrive sedan,bentley|bentayga,audi|sq8 sportback e|tron,kia|ev9 light long range rwd'
2025-08-16 01:15:59,341 INFO [routes.saved] saved:/saved normalized keys count=4 sample=['kia|ev9 light long range rwd', 'audi|sq8 sportback e|tron', 'bmw|330e xdrive sedan', 'bentley|bentayga']
2025-08-16 01:15:59,341 INFO [routes.saved] saved:/saved catalog size=231
2025-08-16 01:15:59,344 WARNING [routes.saved] saved:/saved unmatched keys=1 sample=['audi|sq8 sportback e|tron']
2025-08-16 01:15:59,344 INFO [routes.saved] saved:/saved matched cards=3
2025-08-16 01:15:59,344 INFO [routes.saved] saved:/saved first match sample=330e xDrive Sedan
2025-08-16 01:16:05,737 INFO [routes.saved] saved:/saved cookie raw len=125
2025-08-16 01:16:05,737 INFO [routes.saved] saved:/saved cookie decoded preview='bmw|330e xdrive sedan,bentley|bentayga,audi|sq8 sportback e|tron,kia|ev9 light long range rwd'
2025-08-16 01:16:05,738 INFO [routes.saved] saved:/saved normalized keys count=4 sample=['kia|ev9 light long range rwd', 'audi|sq8 sportback e|tron', 'bmw|330e xdrive sedan', 'bentley|bentayga']
2025-08-16 01:16:05,738 INFO [routes.saved] saved:/saved catalog size=231
2025-08-16 01:16:05,741 WARNING [routes.saved] saved:/saved unmatched keys=1 sample=['audi|sq8 sportback e|tron']
2025-08-16 01:16:05,742 INFO [routes.saved] saved:/saved matched cards=3
2025-08-16 01:16:05,742 INFO [routes.saved] saved:/saved first match sample=330e xDrive Sedan
2025-08-16 01:16:37,723 INFO [routes.saved] saved:/saved cookie raw len=228
2025-08-16 01:16:37,724 INFO [routes.saved] saved:/saved cookie decoded preview='bmw|330e xdrive sedan,bentley|bentayga,audi|sq8 sportback e|tron,kia|ev9 light long range rwd,audi|q4 e|tron sportback,a'
2025-08-16 01:16:37,724 INFO [routes.saved] saved:/saved normalized keys count=7 sample=['audi|sq8 sportback e|tron', 'audi|q4 e|tron quattro', 'audi|q8 sportback e|tron', 'bmw|330e xdrive sedan', 'bentley|bentayga', 'audi|q4 e|tron sportback']
2025-08-16 01:16:37,724 INFO [routes.saved] saved:/saved catalog size=231
2025-08-16 01:16:37,727 WARNING [routes.saved] saved:/saved unmatched keys=4 sample=['audi|sq8 sportback e|tron', 'audi|q4 e|tron quattro', 'audi|q8 sportback e|tron', 'audi|q4 e|tron sportback']
2025-08-16 01:16:37,727 INFO [routes.saved] saved:/saved matched cards=3
2025-08-16 01:16:37,728 INFO [routes.saved] saved:/saved first match sample=330e xDrive Sedan
2025-08-16 01:16:40,921 INFO [routes.saved] saved:/saved cookie raw len=228
2025-08-16 01:16:40,921 INFO [routes.saved] saved:/saved cookie decoded preview='bmw|330e xdrive sedan,bentley|bentayga,audi|sq8 sportback e|tron,kia|ev9 light long range rwd,audi|q4 e|tron sportback,a'
2025-08-16 01:16:40,922 INFO [routes.saved] saved:/saved normalized keys count=7 sample=['audi|sq8 sportback e|tron', 'audi|q4 e|tron quattro', 'audi|q8 sportback e|tron', 'bmw|330e xdrive sedan', 'bentley|bentayga', 'audi|q4 e|tron sportback']
2025-08-16 01:16:40,922 INFO [routes.saved] saved:/saved catalog size=231
2025-08-16 01:16:40,925 WARNING [routes.saved] saved:/saved unmatched keys=4 sample=['audi|sq8 sportback e|tron', 'audi|q4 e|tron quattro', 'audi|q8 sportback e|tron', 'audi|q4 e|tron sportback']
2025-08-16 01:16:40,926 INFO [routes.saved] saved:/saved matched cards=3
2025-08-16 01:16:40,926 INFO [routes.saved] saved:/saved first match sample=330e xDrive Sedan
2025-08-16 01:16:54,273 INFO [httpx] HTTP Request: GET https://evtable.com/all-manual-2024-03-09-1.js "HTTP/1.1 200 OK"
2025-08-16 01:16:54,380 INFO [evtable] Normalized 231 EV records
2025-08-16 01:17:04,834 INFO [sentence_transformers.SentenceTransformer] Use pytorch device_name: cpu
2025-08-16 01:17:04,834 INFO [sentence_transformers.SentenceTransformer] Load pretrained SentenceTransformer: sentence-transformers/all-MiniLM-L6-v2
2025-08-16 01:17:07,973 INFO [nlp] Semantic embedder loaded.
2025-08-16 01:17:36,551 INFO [routes.saved] saved:/saved cookie raw len=228
2025-08-16 01:17:36,552 INFO [routes.saved] saved:/saved cookie decoded preview='bmw|330e xdrive sedan,bentley|bentayga,audi|sq8 sportback e|tron,kia|ev9 light long range rwd,audi|q4 e|tron sportback,audi|q8 sportback e|tron,audi|q4 e|tron quattro'
2025-08-16 01:17:36,553 INFO [routes.saved] saved:/saved normalized keys count=7 sample=['audi|sq8 sportback e-tron', 'bmw|330e xdrive sedan', 'kia|ev9 light long range rwd', 'bentley|bentayga', 'audi|q4 e-tron quattro', 'audi|q8 sportback e-tron', 'audi|q4 e-tron sportback']
2025-08-16 01:17:36,554 INFO [routes.saved] saved:/saved catalog size=231
2025-08-16 01:17:36,555 INFO [routes.saved] saved:/saved matched cards=8
2025-08-16 01:17:36,555 INFO [routes.saved] saved:/saved first match sample=Audi Q4 e-tron Sportback
2025-08-16 01:20:46,916 INFO [httpx] HTTP Request: GET https://evtable.com/all-manual-2024-03-09-1.js "HTTP/1.1 200 OK"
2025-08-16 01:20:47,016 INFO [evtable] Normalized 231 EV records
2025-08-16 01:21:29,024 INFO [sentence_transformers.SentenceTransformer] Use pytorch device_name: cpu
2025-08-16 01:21:29,024 INFO [sentence_transformers.SentenceTransformer] Load pretrained SentenceTransformer: sentence-transformers/all-MiniLM-L6-v2
2025-08-16 01:21:31,921 INFO [nlp] Semantic embedder loaded.
2025-08-16 01:22:27,491 INFO [routes.saved] saved:/saved cookie raw len=228
2025-08-16 01:22:27,492 INFO [routes.saved] saved:/saved cookie decoded preview='bmw|330e xdrive sedan,bentley|bentayga,audi|sq8 sportback e|tron,kia|ev9 light long range rwd,audi|q4 e|tron sportback,a'
2025-08-16 01:22:27,492 INFO [routes.saved] saved:/saved normalized cookie keys=7 sample=['audi|q4 e|tron quattro', 'bmw|330e xdrive sedan', 'kia|ev9 light long range rwd', 'bentley|bentayga', 'audi|q4 e|tron sportback', 'audi|sq8 sportback e|tron']
2025-08-16 01:22:27,493 INFO [routes.saved] saved:/saved catalog size=231
2025-08-16 01:22:27,496 WARNING [routes.saved] saved:/saved unmatched keys=4 sample=['audi|q4 e|tron quattro', 'audi|q4 e|tron sportback', 'audi|sq8 sportback e|tron', 'audi|q8 sportback e|tron']
2025-08-16 01:22:27,497 INFO [routes.saved] saved:/saved matched cards=3
2025-08-16 01:22:27,498 INFO [routes.saved] saved:/saved first match sample=330e xDrive Sedan
2025-08-16 01:22:27,499 INFO [routes.saved] saved:/saved effective key count=3 (matches rendered cards)
2025-08-16 01:22:36,885 INFO [routes.saved] saved:/saved cookie raw len=136
2025-08-16 01:22:36,885 INFO [routes.saved] saved:/saved cookie decoded preview='audi|sq8 sportback e|tron,audi|q4 e|tron sportback,audi|q8 sportback e|tron,audi|q4 e|tron quattro'
2025-08-16 01:22:36,886 INFO [routes.saved] saved:/saved normalized cookie keys=4 sample=['audi|q4 e|tron quattro', 'audi|q4 e|tron sportback', 'audi|sq8 sportback e|tron', 'audi|q8 sportback e|tron']
2025-08-16 01:22:36,886 INFO [routes.saved] saved:/saved catalog size=231
2025-08-16 01:22:36,889 WARNING [routes.saved] saved:/saved unmatched keys=4 sample=['audi|q4 e|tron quattro', 'audi|q4 e|tron sportback', 'audi|sq8 sportback e|tron', 'audi|q8 sportback e|tron']
2025-08-16 01:22:36,890 INFO [routes.saved] saved:/saved matched cards=0
2025-08-16 01:22:36,890 INFO [routes.saved] saved:/saved effective key count=0 (matches rendered cards)
2025-08-16 01:22:40,342 INFO [routes.saved] saved:/saved cookie raw len=136
2025-08-16 01:22:40,343 INFO [routes.saved] saved:/saved cookie decoded preview='audi|sq8 sportback e|tron,audi|q4 e|tron sportback,audi|q8 sportback e|tron,audi|q4 e|tron quattro'
2025-08-16 01:22:40,343 INFO [routes.saved] saved:/saved normalized cookie keys=4 sample=['audi|q4 e|tron quattro', 'audi|q4 e|tron sportback', 'audi|sq8 sportback e|tron', 'audi|q8 sportback e|tron']
2025-08-16 01:22:40,344 INFO [routes.saved] saved:/saved catalog size=231
2025-08-16 01:22:40,347 WARNING [routes.saved] saved:/saved unmatched keys=4 sample=['audi|q4 e|tron quattro', 'audi|q4 e|tron sportback', 'audi|sq8 sportback e|tron', 'audi|q8 sportback e|tron']
2025-08-16 01:22:40,347 INFO [routes.saved] saved:/saved matched cards=0
2025-08-16 01:22:40,348 INFO [routes.saved] saved:/saved effective key count=0 (matches rendered cards)
2025-08-16 01:22:49,588 INFO [httpx] HTTP Request: GET https://evtable.com/all-manual-2024-03-09-1.js "HTTP/1.1 200 OK"
2025-08-16 01:22:49,689 INFO [evtable] Normalized 231 EV records
2025-08-16 01:23:01,725 INFO [sentence_transformers.SentenceTransformer] Use pytorch device_name: cpu
2025-08-16 01:23:01,725 INFO [sentence_transformers.SentenceTransformer] Load pretrained SentenceTransformer: sentence-transformers/all-MiniLM-L6-v2
2025-08-16 01:23:04,457 INFO [nlp] Semantic embedder loaded.
2025-08-16 01:23:07,380 INFO [routes.saved] saved:/saved cookie raw len=136
2025-08-16 01:23:07,381 INFO [routes.saved] saved:/saved cookie decoded preview='audi|sq8 sportback e|tron,audi|q4 e|tron sportback,audi|q8 sportback e|tron,audi|q4 e|tron quattro'
2025-08-16 01:23:07,382 INFO [routes.saved] saved:/saved normalized keys count=4 sample=['audi|sq8 sportback e-tron', 'audi|q8 sportback e-tron', 'audi|q4 e-tron quattro', 'audi|q4 e-tron sportback']
2025-08-16 01:23:07,382 INFO [routes.saved] saved:/saved catalog size=231
2025-08-16 01:23:07,383 INFO [routes.saved] saved:/saved matched cards=5
2025-08-16 01:23:07,384 INFO [routes.saved] saved:/saved first match sample=Audi Q4 e-tron Sportback
2025-08-16 01:23:21,818 INFO [routes.saved] saved:/saved cookie raw len=136
2025-08-16 01:23:21,819 INFO [routes.saved] saved:/saved cookie decoded preview='audi|sq8 sportback e|tron,audi|q4 e|tron sportback,audi|q8 sportback e|tron,audi|q4 e|tron quattro'
2025-08-16 01:23:21,819 INFO [routes.saved] saved:/saved normalized keys count=4 sample=['audi|sq8 sportback e-tron', 'audi|q8 sportback e-tron', 'audi|q4 e-tron quattro', 'audi|q4 e-tron sportback']
2025-08-16 01:23:21,820 INFO [routes.saved] saved:/saved catalog size=231
2025-08-16 01:23:21,821 INFO [routes.saved] saved:/saved matched cards=5
2025-08-16 01:23:21,821 INFO [routes.saved] saved:/saved first match sample=Audi Q4 e-tron Sportback
2025-08-16 13:25:58,620 INFO [httpx] HTTP Request: GET https://evtable.com/all-manual-2024-03-09-1.js "HTTP/1.1 200 OK"
2025-08-16 13:25:58,686 INFO [evtable] Normalized 231 EV records
2025-08-16 13:26:33,247 INFO [sentence_transformers.SentenceTransformer] Use pytorch device_name: cpu
2025-08-16 13:26:33,248 INFO [sentence_transformers.SentenceTransformer] Load pretrained SentenceTransformer: sentence-transformers/all-MiniLM-L6-v2
2025-08-16 13:26:36,650 INFO [nlp] Semantic embedder loaded.
2025-08-16 13:28:40,714 INFO [routes.saved] saved:/saved cookie raw len=136
2025-08-16 13:28:40,715 INFO [routes.saved] saved:/saved cookie decoded preview='audi|sq8 sportback e|tron,audi|q4 e|tron sportback,audi|q8 sportback e|tron,audi|q4 e|tron quattro'
2025-08-16 13:28:40,716 INFO [routes.saved] saved:/saved normalized keys count=4 sample=['audi|sq8 sportback e-tron', 'audi|q8 sportback e-tron', 'audi|q4 e-tron sportback', 'audi|q4 e-tron quattro']
2025-08-16 13:28:40,716 INFO [routes.saved] saved:/saved catalog size=231
2025-08-16 13:28:40,717 INFO [routes.saved] saved:/saved matched cards=5
2025-08-16 13:28:40,718 INFO [routes.saved] saved:/saved first match sample=Audi Q4 e-tron Sportback
2025-08-16 13:31:12,028 INFO [routes.saved] saved:/saved cookie raw len=136
2025-08-16 13:31:12,028 INFO [routes.saved] saved:/saved cookie decoded preview='audi|sq8 sportback e|tron,audi|q4 e|tron sportback,audi|q8 sportback e|tron,audi|q4 e|tron quattro'
2025-08-16 13:31:12,029 INFO [routes.saved] saved:/saved normalized keys count=4 sample=['audi|sq8 sportback e-tron', 'audi|q8 sportback e-tron', 'audi|q4 e-tron sportback', 'audi|q4 e-tron quattro']
2025-08-16 13:31:12,029 INFO [routes.saved] saved:/saved catalog size=231
2025-08-16 13:31:12,030 INFO [routes.saved] saved:/saved matched cards=5
2025-08-16 13:31:12,031 INFO [routes.saved] saved:/saved first match sample=Audi Q4 e-tron Sportback
2025-08-16 13:36:19,282 INFO [httpx] HTTP Request: GET https://evtable.com/all-manual-2024-03-09-1.js "HTTP/1.1 200 OK"
2025-08-16 13:36:19,362 INFO [evtable] Normalized 231 EV records
2025-08-16 13:36:28,775 INFO [sentence_transformers.SentenceTransformer] Use pytorch device_name: cpu
2025-08-16 13:36:28,776 INFO [sentence_transformers.SentenceTransformer] Load pretrained SentenceTransformer: sentence-transformers/all-MiniLM-L6-v2
2025-08-16 13:36:32,142 INFO [nlp] Semantic embedder loaded.
2025-08-16 13:36:38,773 INFO [httpx] HTTP Request: GET https://evtable.com/all-manual-2024-03-09-1.js "HTTP/1.1 200 OK"
2025-08-16 13:36:38,841 INFO [evtable] Normalized 231 EV records
2025-08-16 13:36:47,258 INFO [sentence_transformers.SentenceTransformer] Use pytorch device_name: cpu
2025-08-16 13:36:47,259 INFO [sentence_transformers.SentenceTransformer] Load pretrained SentenceTransformer: sentence-transformers/all-MiniLM-L6-v2
2025-08-16 13:36:49,651 INFO [nlp] Semantic embedder loaded.
2025-08-16 13:36:55,124 INFO [httpx] HTTP Request: GET https://evtable.com/all-manual-2024-03-09-1.js "HTTP/1.1 200 OK"
2025-08-16 13:36:55,187 INFO [evtable] Normalized 231 EV records
2025-08-16 13:37:04,126 INFO [sentence_transformers.SentenceTransformer] Use pytorch device_name: cpu
2025-08-16 13:37:04,127 INFO [sentence_transformers.SentenceTransformer] Load pretrained SentenceTransformer: sentence-transformers/all-MiniLM-L6-v2
2025-08-16 13:37:07,399 INFO [nlp] Semantic embedder loaded.
2025-08-16 13:39:14,603 INFO [httpx] HTTP Request: GET https://evtable.com/all-manual-2024-03-09-1.js "HTTP/1.1 200 OK"
2025-08-16 13:39:14,671 INFO [evtable] Normalized 231 EV records
2025-08-16 13:39:27,031 INFO [sentence_transformers.SentenceTransformer] Use pytorch device_name: cpu
2025-08-16 13:39:27,032 INFO [sentence_transformers.SentenceTransformer] Load pretrained SentenceTransformer: sentence-transformers/all-MiniLM-L6-v2
2025-08-16 13:39:30,489 INFO [nlp] Semantic embedder loaded.
2025-08-16 13:39:36,388 INFO [httpx] HTTP Request: GET https://evtable.com/all-manual-2024-03-09-1.js "HTTP/1.1 200 OK"
2025-08-16 13:39:36,451 INFO [evtable] Normalized 231 EV records
2025-08-16 13:39:46,225 INFO [sentence_transformers.SentenceTransformer] Use pytorch device_name: cpu
2025-08-16 13:39:46,226 INFO [sentence_transformers.SentenceTransformer] Load pretrained SentenceTransformer: sentence-transformers/all-MiniLM-L6-v2
2025-08-16 13:39:50,010 INFO [nlp] Semantic embedder loaded.
2025-08-16 13:47:44,219 INFO [httpx] HTTP Request: GET https://evtable.com/all-manual-2024-03-09-1.js "HTTP/1.1 200 OK"
2025-08-16 13:47:44,285 INFO [evtable] Normalized 231 EV records
2025-08-16 13:47:44,289 INFO [httpx] HTTP Request: GET http://test/debug/search?search_query=audi+q4&sort=score_desc "HTTP/1.1 200 OK"
2025-08-16 13:47:44,296 INFO [httpx] HTTP Request: GET http://test/debug/search?search_query=awd+suv+under+60000+5+seats&drivetrain=awd4&is_suv=true "HTTP/1.1 200 OK"
2025-08-16 13:47:44,300 INFO [httpx] HTTP Request: GET http://test/debug/search?search_query=suv+under+45k "HTTP/1.1 200 OK"
2025-08-16 13:47:44,307 INFO [httpx] HTTP Request: GET http://test/debug/search?search_query=over+200+mi+range "HTTP/1.1 200 OK"
2025-08-16 13:47:44,453 INFO [httpx] HTTP Request: GET http://test/debug/search?search_query=7+seats+crossover "HTTP/1.1 200 OK"
2025-08-16 13:47:44,459 INFO [httpx] HTTP Request: GET http://test/debug/search?search_query=hatchback+under+40k&drivetrain=fwd "HTTP/1.1 200 OK"
2025-08-16 13:47:44,473 INFO [httpx] HTTP Request: GET http://test/debug/search?search_query=fast+charge+150+kW+suv "HTTP/1.1 200 OK"
2025-08-16 13:47:44,480 INFO [httpx] HTTP Request: GET http://test/debug/search?search_query=ioniq "HTTP/1.1 200 OK"
2025-08-16 13:47:44,487 INFO [httpx] HTTP Request: GET http://test/debug/search?search_query=audi+q4 "HTTP/1.1 200 OK"
2025-08-16 13:47:44,495 INFO [httpx] HTTP Request: GET http://test/debug/search?search_query=suv&sort=price_per_km_asc "HTTP/1.1 200 OK"
2025-08-16 13:47:44,498 INFO [httpx] HTTP Request: GET http://test/debug/search?search_query=suv&sort=price_per_km_asc "HTTP/1.1 200 OK"
2025-08-16 13:47:44,504 INFO [httpx] HTTP Request: GET http://test/debug/search?search_query=under+60k&drivetrain=awd4 "HTTP/1.1 200 OK"
2025-08-16 13:47:44,511 INFO [httpx] HTTP Request: GET http://test/debug/search?search_query=under+60k "HTTP/1.1 200 OK"
2025-08-16 13:47:44,513 INFO [httpx] HTTP Request: GET http://test/debug/search?search_query=under+60k&drivetrain=awd4 "HTTP/1.1 200 OK"
2025-08-16 13:47:44,520 INFO [httpx] HTTP Request: GET http://test/debug/search?search_query=&sort=score_desc "HTTP/1.1 200 OK"
2025-08-16 13:47:44,521 INFO [httpx] HTTP Request: GET http://test/debug/search?search_query=&sort=score_desc "HTTP/1.1 200 OK"
2025-08-16 13:50:28,697 INFO [httpx] HTTP Request: GET https://evtable.com/all-manual-2024-03-09-1.js "HTTP/1.1 200 OK"
2025-08-16 13:50:28,766 INFO [evtable] Normalized 231 EV records
2025-08-16 13:50:28,769 INFO [httpx] HTTP Request: GET http://test/debug/search?search_query=audi+q4&sort=score_desc "HTTP/1.1 200 OK"
2025-08-16 13:50:28,776 INFO [httpx] HTTP Request: GET http://test/debug/search?search_query=awd+suv+under+60000+5+seats&drivetrain=awd4&is_suv=true "HTTP/1.1 200 OK"
2025-08-16 13:50:28,783 INFO [httpx] HTTP Request: GET http://test/debug/search?search_query=suv+under+45k "HTTP/1.1 200 OK"
2025-08-16 13:50:28,793 INFO [httpx] HTTP Request: GET http://test/debug/search?search_query=over+200+mi+range "HTTP/1.1 200 OK"
2025-08-16 13:50:28,900 INFO [httpx] HTTP Request: GET http://test/debug/search?search_query=7+seats+crossover "HTTP/1.1 200 OK"
2025-08-16 13:50:28,905 INFO [httpx] HTTP Request: GET http://test/debug/search?search_query=hatchback+under+40k&drivetrain=fwd "HTTP/1.1 200 OK"
2025-08-16 13:50:28,913 INFO [httpx] HTTP Request: GET http://test/debug/search?search_query=fast+charge+150+kW+suv "HTTP/1.1 200 OK"
2025-08-16 13:50:28,920 INFO [httpx] HTTP Request: GET http://test/debug/search?search_query=ioniq "HTTP/1.1 200 OK"
2025-08-16 13:50:28,930 INFO [httpx] HTTP Request: GET http://test/debug/search?search_query=audi+q4 "HTTP/1.1 200 OK"
2025-08-16 13:50:28,935 INFO [httpx] HTTP Request: GET http://test/debug/search?search_query=suv&sort=price_per_km_asc "HTTP/1.1 200 OK"
2025-08-16 13:50:28,937 INFO [httpx] HTTP Request: GET http://test/debug/search?search_query=suv&sort=price_per_km_asc "HTTP/1.1 200 OK"
2025-08-16 13:50:28,943 INFO [httpx] HTTP Request: GET http://test/debug/search?search_query=under+60k&drivetrain=awd4 "HTTP/1.1 200 OK"
2025-08-16 13:50:28,948 INFO [httpx] HTTP Request: GET http://test/debug/search?search_query=under+60k "HTTP/1.1 200 OK"
2025-08-16 13:50:28,949 INFO [httpx] HTTP Request: GET http://test/debug/search?search_query=under+60k&drivetrain=awd4 "HTTP/1.1 200 OK"
2025-08-16 13:50:28,956 INFO [httpx] HTTP Request: GET http://test/debug/search?search_query=&sort=score_desc "HTTP/1.1 200 OK"
2025-08-16 13:50:28,958 INFO [httpx] HTTP Request: GET http://test/debug/search?search_query=&sort=score_desc "HTTP/1.1 200 OK"
2025-08-16 13:55:05,374 INFO [httpx] HTTP Request: GET https://evtable.com/all-manual-2024-03-09-1.js "HTTP/1.1 200 OK"
2025-08-16 13:55:05,442 INFO [evtable] Normalized 231 EV records
2025-08-16 13:55:05,446 INFO [httpx] HTTP Request: GET http://test/debug/search?search_query=audi+q4&sort=score_desc "HTTP/1.1 200 OK"
2025-08-16 13:55:05,452 INFO [httpx] HTTP Request: GET http://test/debug/search?search_query=awd+suv+under+60000+5+seats&drivetrain=awd4&is_suv=true "HTTP/1.1 200 OK"
2025-08-16 13:55:05,457 INFO [httpx] HTTP Request: GET http://test/debug/search?search_query=suv+under+45k "HTTP/1.1 200 OK"
2025-08-16 13:55:05,463 INFO [httpx] HTTP Request: GET http://test/debug/search?search_query=over+200+mi+range "HTTP/1.1 200 OK"
2025-08-16 13:55:05,471 INFO [httpx] HTTP Request: GET http://test/debug/search?search_query=7+seats+crossover "HTTP/1.1 200 OK"
2025-08-16 13:55:05,477 INFO [httpx] HTTP Request: GET http://test/debug/search?search_query=hatchback+under+40k&drivetrain=fwd "HTTP/1.1 200 OK"
2025-08-16 13:55:05,484 INFO [httpx] HTTP Request: GET http://test/debug/search?search_query=fast+charge+150+kW+suv "HTTP/1.1 200 OK"
2025-08-16 13:55:05,494 INFO [httpx] HTTP Request: GET http://test/debug/search?search_query=ioniq "HTTP/1.1 200 OK"
2025-08-16 13:55:05,505 INFO [httpx] HTTP Request: GET http://test/debug/search?search_query=audi+q4 "HTTP/1.1 200 OK"
2025-08-16 13:55:05,511 INFO [httpx] HTTP Request: GET http://test/debug/search?search_query=suv&sort=price_per_km_asc "HTTP/1.1 200 OK"
2025-08-16 13:55:05,513 INFO [httpx] HTTP Request: GET http://test/debug/search?search_query=suv&sort=price_per_km_asc "HTTP/1.1 200 OK"
2025-08-16 13:55:05,521 INFO [httpx] HTTP Request: GET http://test/debug/search?search_query=under+60k&drivetrain=awd4 "HTTP/1.1 200 OK"
2025-08-16 13:55:05,526 INFO [httpx] HTTP Request: GET http://test/debug/search?search_query=under+60k "HTTP/1.1 200 OK"
2025-08-16 13:55:05,527 INFO [httpx] HTTP Request: GET http://test/debug/search?search_query=under+60k&drivetrain=awd4 "HTTP/1.1 200 OK"
2025-08-16 13:55:05,537 INFO [httpx] HTTP Request: GET http://test/debug/search?search_query=&sort=score_desc "HTTP/1.1 200 OK"
2025-08-16 13:55:05,540 INFO [httpx] HTTP Request: GET http://test/debug/search?search_query=&sort=score_desc "HTTP/1.1 200 OK"
2025-08-16 13:58:14,081 INFO [httpx] HTTP Request: GET https://evtable.com/all-manual-2024-03-09-1.js "HTTP/1.1 200 OK"
2025-08-16 13:58:14,147 INFO [evtable] Normalized 231 EV records
2025-08-16 13:58:14,151 INFO [httpx] HTTP Request: GET http://test/debug/search?search_query=audi+q4&sort=score_desc "HTTP/1.1 200 OK"
2025-08-16 13:58:14,157 INFO [httpx] HTTP Request: GET http://test/debug/search?search_query=awd+suv+under+60000+5+seats&drivetrain=awd4&is_suv=true "HTTP/1.1 200 OK"
2025-08-16 13:58:14,164 INFO [httpx] HTTP Request: GET http://test/debug/search?search_query=suv+under+45k "HTTP/1.1 200 OK"
2025-08-16 13:58:14,174 INFO [httpx] HTTP Request: GET http://test/debug/search?search_query=over+200+mi+range "HTTP/1.1 200 OK"
2025-08-16 13:58:14,179 INFO [httpx] HTTP Request: GET http://test/debug/search?search_query=7+seats+crossover "HTTP/1.1 200 OK"
2025-08-16 13:58:14,185 INFO [httpx] HTTP Request: GET http://test/debug/search?search_query=hatchback+under+40k&drivetrain=fwd "HTTP/1.1 200 OK"
2025-08-16 13:58:14,192 INFO [httpx] HTTP Request: GET http://test/debug/search?search_query=fast+charge+150+kW+suv "HTTP/1.1 200 OK"
2025-08-16 13:58:14,201 INFO [httpx] HTTP Request: GET http://test/debug/search?search_query=ioniq "HTTP/1.1 200 OK"
2025-08-16 13:58:14,210 INFO [httpx] HTTP Request: GET http://test/debug/search?search_query=audi+q4 "HTTP/1.1 200 OK"
2025-08-16 13:58:14,217 INFO [httpx] HTTP Request: GET http://test/debug/search?search_query=suv&sort=price_per_km_asc "HTTP/1.1 200 OK"
2025-08-16 13:58:14,220 INFO [httpx] HTTP Request: GET http://test/debug/search?search_query=suv&sort=price_per_km_asc "HTTP/1.1 200 OK"
2025-08-16 13:58:14,227 INFO [httpx] HTTP Request: GET http://test/debug/search?search_query=under+60k&drivetrain=awd4 "HTTP/1.1 200 OK"
2025-08-16 13:58:14,233 INFO [httpx] HTTP Request: GET http://test/debug/search?search_query=under+60k "HTTP/1.1 200 OK"
2025-08-16 13:58:14,235 INFO [httpx] HTTP Request: GET http://test/debug/search?search_query=under+60k&drivetrain=awd4 "HTTP/1.1 200 OK"
2025-08-16 13:58:14,243 INFO [httpx] HTTP Request: GET http://test/debug/search?search_query=&sort=score_desc "HTTP/1.1 200 OK"
2025-08-16 13:58:14,245 INFO [httpx] HTTP Request: GET http://test/debug/search?search_query=&sort=score_desc "HTTP/1.1 200 OK"
2025-08-16 13:58:43,985 INFO [httpx] HTTP Request: GET https://evtable.com/all-manual-2024-03-09-1.js "HTTP/1.1 200 OK"
2025-08-16 13:58:44,055 INFO [evtable] Normalized 231 EV records
2025-08-16 13:58:51,461 INFO [sentence_transformers.SentenceTransformer] Use pytorch device_name: cpu
2025-08-16 13:58:51,461 INFO [sentence_transformers.SentenceTransformer] Load pretrained SentenceTransformer: sentence-transformers/all-MiniLM-L6-v2
2025-08-16 13:58:53,938 INFO [nlp] Semantic embedder loaded.
2025-08-16 14:15:59,027 INFO [routes.saved] saved:/saved cookie raw len=136
2025-08-16 14:15:59,028 INFO [routes.saved] saved:/saved cookie decoded preview='audi|sq8 sportback e|tron,audi|q4 e|tron sportback,audi|q8 sportback e|tron,audi|q4 e|tron quattro'
2025-08-16 14:15:59,029 INFO [routes.saved] saved:/saved normalized keys count=4 sample=['audi|q8 sportback e-tron', 'audi|q4 e-tron quattro', 'audi|q4 e-tron sportback', 'audi|sq8 sportback e-tron']
2025-08-16 14:15:59,029 INFO [routes.saved] saved:/saved catalog size=231
2025-08-16 14:15:59,029 INFO [routes.saved] saved:/saved matched cards=5
2025-08-16 14:15:59,029 INFO [routes.saved] saved:/saved first match sample=Audi Q4 e-tron Sportback
2025-08-16 14:19:08,823 INFO [httpx] HTTP Request: GET https://evtable.com/all-manual-2024-03-09-1.js "HTTP/1.1 200 OK"
2025-08-16 14:19:08,901 INFO [evtable] Normalized 231 EV records
2025-08-16 14:19:59,745 INFO [sentence_transformers.SentenceTransformer] Use pytorch device_name: cpu
2025-08-16 14:19:59,746 INFO [sentence_transformers.SentenceTransformer] Load pretrained SentenceTransformer: sentence-transformers/all-MiniLM-L6-v2
2025-08-16 14:20:03,254 INFO [nlp] Semantic embedder loaded.
2025-08-16 14:20:10,879 INFO [httpx] HTTP Request: GET https://evtable.com/all-manual-2024-03-09-1.js "HTTP/1.1 200 OK"
2025-08-16 14:20:10,954 INFO [evtable] Normalized 231 EV records
2025-08-16 14:20:22,261 INFO [sentence_transformers.SentenceTransformer] Use pytorch device_name: cpu
2025-08-16 14:20:22,261 INFO [sentence_transformers.SentenceTransformer] Load pretrained SentenceTransformer: sentence-transformers/all-MiniLM-L6-v2
2025-08-16 14:20:25,592 INFO [nlp] Semantic embedder loaded.
2025-08-16 14:21:44,691 INFO [httpx] HTTP Request: GET https://evtable.com/all-manual-2024-03-09-1.js "HTTP/1.1 200 OK"
2025-08-16 14:21:44,760 INFO [evtable] Normalized 231 EV records
2025-08-16 14:21:55,114 INFO [sentence_transformers.SentenceTransformer] Use pytorch device_name: cpu
2025-08-16 14:21:55,115 INFO [sentence_transformers.SentenceTransformer] Load pretrained SentenceTransformer: sentence-transformers/all-MiniLM-L6-v2
2025-08-16 14:21:57,648 INFO [nlp] Semantic embedder loaded.
2025-08-16 14:22:23,684 INFO [routes.saved] saved:/saved cookie raw len=136
2025-08-16 14:22:23,685 INFO [routes.saved] saved:/saved cookie decoded preview='audi|sq8 sportback e|tron,audi|q4 e|tron sportback,audi|q8 sportback e|tron,audi|q4 e|tron quattro'
2025-08-16 14:22:23,685 INFO [routes.saved] saved:/saved normalized keys count=4 sample=['audi|q4 e-tron sportback', 'audi|q4 e-tron quattro', 'audi|q8 sportback e-tron', 'audi|sq8 sportback e-tron']
2025-08-16 14:22:23,686 INFO [routes.saved] saved:/saved catalog size=231
2025-08-16 14:22:23,686 INFO [routes.saved] saved:/saved matched cards=5
2025-08-16 14:22:23,686 INFO [routes.saved] saved:/saved first match sample=Audi Q4 e-tron Sportback
2025-08-16 14:22:43,813 INFO [httpx] HTTP Request: GET https://evtable.com/all-manual-2024-03-09-1.js "HTTP/1.1 200 OK"
2025-08-16 14:22:43,880 INFO [evtable] Normalized 231 EV records
2025-08-16 14:22:43,886 INFO [httpx] HTTP Request: GET http://test/debug/search?search_query=audi+q4&sort=score_desc "HTTP/1.1 200 OK"
2025-08-16 14:22:43,893 INFO [httpx] HTTP Request: GET http://test/debug/search?search_query=awd+suv+under+60000+5+seats&drivetrain=awd4&is_suv=true "HTTP/1.1 200 OK"
2025-08-16 14:22:43,898 INFO [httpx] HTTP Request: GET http://test/debug/search?search_query=suv+under+45k "HTTP/1.1 200 OK"
2025-08-16 14:22:43,905 INFO [httpx] HTTP Request: GET http://test/debug/search?search_query=over+200+mi+range "HTTP/1.1 200 OK"
2025-08-16 14:22:43,912 INFO [httpx] HTTP Request: GET http://test/debug/search?search_query=7+seats+crossover "HTTP/1.1 200 OK"
2025-08-16 14:22:43,918 INFO [httpx] HTTP Request: GET http://test/debug/search?search_query=hatchback+under+40k&drivetrain=fwd "HTTP/1.1 200 OK"
2025-08-16 14:22:43,925 INFO [httpx] HTTP Request: GET http://test/debug/search?search_query=fast+charge+150+kW+suv "HTTP/1.1 200 OK"
2025-08-16 14:22:43,937 INFO [httpx] HTTP Request: GET http://test/debug/search?search_query=ioniq "HTTP/1.1 200 OK"
2025-08-16 14:22:43,952 INFO [httpx] HTTP Request: GET http://test/debug/search?search_query=audi+q4 "HTTP/1.1 200 OK"
2025-08-16 14:22:43,964 INFO [httpx] HTTP Request: GET http://test/debug/search?search_query=suv&sort=price_per_km_asc "HTTP/1.1 200 OK"
2025-08-16 14:22:43,969 INFO [httpx] HTTP Request: GET http://test/debug/search?search_query=suv&sort=price_per_km_asc "HTTP/1.1 200 OK"
2025-08-16 14:22:43,979 INFO [httpx] HTTP Request: GET http://test/debug/search?search_query=under+60k&drivetrain=awd4 "HTTP/1.1 200 OK"
2025-08-16 14:22:43,989 INFO [httpx] HTTP Request: GET http://test/debug/search?search_query=under+60k "HTTP/1.1 200 OK"
2025-08-16 14:22:43,990 INFO [httpx] HTTP Request: GET http://test/debug/search?search_query=under+60k&drivetrain=awd4 "HTTP/1.1 200 OK"
2025-08-16 14:22:44,005 INFO [httpx] HTTP Request: GET http://test/debug/search?search_query=&sort=score_desc "HTTP/1.1 200 OK"
2025-08-16 14:22:44,007 INFO [httpx] HTTP Request: GET http://test/debug/search?search_query=&sort=score_desc "HTTP/1.1 200 OK"
2025-08-16 14:28:12,194 INFO [httpx] HTTP Request: GET https://evtable.com/all-manual-2024-03-09-1.js "HTTP/1.1 200 OK"
2025-08-16 14:28:12,263 INFO [evtable] Normalized 231 EV records
2025-08-16 14:28:20,713 INFO [sentence_transformers.SentenceTransformer] Use pytorch device_name: cpu
2025-08-16 14:28:20,713 INFO [sentence_transformers.SentenceTransformer] Load pretrained SentenceTransformer: sentence-transformers/all-MiniLM-L6-v2
2025-08-16 14:28:23,426 INFO [nlp] Semantic embedder loaded.
2025-08-16 14:28:24,568 INFO [routes.search] Search routes ready (catalog + embeddings prepared).
2025-08-16 14:28:24,880 INFO [httpx] HTTP Request: GET http://test/debug/search?search_query=awd+suv+under+60000+5+seats&drivetrain=awd4&is_suv=true "HTTP/1.1 200 OK"
2025-08-16 14:28:24,886 INFO [httpx] HTTP Request: GET http://test/debug/search?search_query=suv+under+45k "HTTP/1.1 200 OK"
2025-08-16 14:28:25,148 INFO [httpx] HTTP Request: GET http://test/debug/search?search_query=7+seats+crossover "HTTP/1.1 200 OK"
2025-08-16 14:28:26,285 INFO [httpx] HTTP Request: GET http://test/debug/search?search_query=suv&sort=price_per_km_asc "HTTP/1.1 200 OK"
2025-08-16 14:28:26,287 INFO [httpx] HTTP Request: GET http://test/debug/search?search_query=suv&sort=price_per_km_asc "HTTP/1.1 200 OK"
2025-08-16 14:28:26,291 INFO [httpx] HTTP Request: GET http://test/debug/search?search_query=under+60k&drivetrain=awd4 "HTTP/1.1 200 OK"
2025-08-16 14:28:26,296 INFO [httpx] HTTP Request: GET http://test/debug/search?search_query=under+60k "HTTP/1.1 200 OK"
2025-08-16 14:28:26,297 INFO [httpx] HTTP Request: GET http://test/debug/search?search_query=under+60k&drivetrain=awd4 "HTTP/1.1 200 OK"
2025-08-16 14:28:26,304 INFO [httpx] HTTP Request: GET http://test/debug/search?search_query=&sort=score_desc "HTTP/1.1 200 OK"
2025-08-16 14:28:26,306 INFO [httpx] HTTP Request: GET http://test/debug/search?search_query=&sort=score_desc "HTTP/1.1 200 OK"
2025-08-16 14:28:58,680 INFO [httpx] HTTP Request: GET https://evtable.com/all-manual-2024-03-09-1.js "HTTP/1.1 200 OK"
2025-08-16 14:28:58,747 INFO [evtable] Normalized 231 EV records
2025-08-16 14:29:06,593 INFO [sentence_transformers.SentenceTransformer] Use pytorch device_name: cpu
2025-08-16 14:29:06,593 INFO [sentence_transformers.SentenceTransformer] Load pretrained SentenceTransformer: sentence-transformers/all-MiniLM-L6-v2
2025-08-16 14:29:09,159 INFO [nlp] Semantic embedder loaded.
2025-08-16 14:29:10,488 INFO [routes.search] Search routes ready (catalog + embeddings prepared).
2025-08-16 14:29:10,718 INFO [httpx] HTTP Request: GET http://test/debug/search?search_query=awd+suv+under+60000+5+seats&drivetrain=awd4&is_suv=true "HTTP/1.1 200 OK"
2025-08-16 14:29:10,723 INFO [httpx] HTTP Request: GET http://test/debug/search?search_query=suv+under+45k "HTTP/1.1 200 OK"
2025-08-16 14:29:10,966 INFO [httpx] HTTP Request: GET http://test/debug/search?search_query=7+seats+crossover "HTTP/1.1 200 OK"
2025-08-16 14:29:12,177 INFO [httpx] HTTP Request: GET http://test/debug/search?search_query=suv&sort=price_per_km_asc "HTTP/1.1 200 OK"
2025-08-16 14:29:12,179 INFO [httpx] HTTP Request: GET http://test/debug/search?search_query=suv&sort=price_per_km_asc "HTTP/1.1 200 OK"
2025-08-16 14:29:12,184 INFO [httpx] HTTP Request: GET http://test/debug/search?search_query=under+60k&drivetrain=awd4 "HTTP/1.1 200 OK"
2025-08-16 14:29:12,188 INFO [httpx] HTTP Request: GET http://test/debug/search?search_query=under+60k "HTTP/1.1 200 OK"
2025-08-16 14:29:12,190 INFO [httpx] HTTP Request: GET http://test/debug/search?search_query=under+60k&drivetrain=awd4 "HTTP/1.1 200 OK"
2025-08-16 14:29:12,196 INFO [httpx] HTTP Request: GET http://test/debug/search?search_query=&sort=score_desc "HTTP/1.1 200 OK"
2025-08-16 14:29:12,197 INFO [httpx] HTTP Request: GET http://test/debug/search?search_query=&sort=score_desc "HTTP/1.1 200 OK"
2025-08-16 14:35:20,624 INFO [httpx] HTTP Request: GET https://evtable.com/all-manual-2024-03-09-1.js "HTTP/1.1 200 OK"
2025-08-16 14:35:20,692 INFO [evtable] Normalized 231 EV records
2025-08-16 14:35:28,690 INFO [sentence_transformers.SentenceTransformer] Use pytorch device_name: cpu
2025-08-16 14:35:28,690 INFO [sentence_transformers.SentenceTransformer] Load pretrained SentenceTransformer: sentence-transformers/all-MiniLM-L6-v2
2025-08-16 14:35:31,105 INFO [nlp] Semantic embedder loaded.
2025-08-16 14:35:32,273 INFO [routes.search] Search routes ready (catalog + embeddings prepared).
2025-08-16 14:35:32,290 INFO [httpx] HTTP Request: GET http://test/debug/search?search_query=audi+q4&sort=score_desc "HTTP/1.1 200 OK"
2025-08-16 14:35:32,298 INFO [httpx] HTTP Request: GET http://test/debug/search?search_query=awd+suv+under+60000+5+seats&drivetrain=awd4&is_suv=true "HTTP/1.1 200 OK"
2025-08-16 14:35:32,303 INFO [httpx] HTTP Request: GET http://test/debug/search?search_query=suv+under+45k "HTTP/1.1 200 OK"
2025-08-16 14:35:32,337 INFO [httpx] HTTP Request: GET http://test/debug/search?search_query=over+200+mi+range "HTTP/1.1 200 OK"
2025-08-16 14:35:32,351 INFO [httpx] HTTP Request: GET http://test/debug/search?search_query=7+seats+crossover "HTTP/1.1 200 OK"
2025-08-16 14:35:32,371 INFO [httpx] HTTP Request: GET http://test/debug/search?search_query=hatchback+under+40k&drivetrain=fwd "HTTP/1.1 200 OK"
2025-08-16 14:35:32,395 INFO [httpx] HTTP Request: GET http://test/debug/search?search_query=fast+charge+150+kW+suv "HTTP/1.1 200 OK"
2025-08-16 14:35:32,420 INFO [httpx] HTTP Request: GET http://test/debug/search?search_query=ioniq "HTTP/1.1 200 OK"
2025-08-16 14:35:32,445 INFO [httpx] HTTP Request: GET http://test/debug/search?search_query=audi+q4 "HTTP/1.1 200 OK"
2025-08-16 14:35:32,452 INFO [httpx] HTTP Request: GET http://test/debug/search?search_query=suv&sort=price_per_km_asc "HTTP/1.1 200 OK"
2025-08-16 14:35:32,453 INFO [httpx] HTTP Request: GET http://test/debug/search?search_query=suv&sort=price_per_km_asc "HTTP/1.1 200 OK"
2025-08-16 14:35:32,460 INFO [httpx] HTTP Request: GET http://test/debug/search?search_query=under+60k&drivetrain=awd4 "HTTP/1.1 200 OK"
2025-08-16 14:35:32,466 INFO [httpx] HTTP Request: GET http://test/debug/search?search_query=under+60k "HTTP/1.1 200 OK"
2025-08-16 14:35:32,467 INFO [httpx] HTTP Request: GET http://test/debug/search?search_query=under+60k&drivetrain=awd4 "HTTP/1.1 200 OK"
2025-08-16 14:35:32,474 INFO [httpx] HTTP Request: GET http://test/debug/search?search_query=&sort=score_desc "HTTP/1.1 200 OK"
2025-08-16 14:35:32,476 INFO [httpx] HTTP Request: GET http://test/debug/search?search_query=&sort=score_desc "HTTP/1.1 200 OK"
2025-08-16 14:38:26,983 INFO [httpx] HTTP Request: GET https://evtable.com/all-manual-2024-03-09-1.js "HTTP/1.1 200 OK"
2025-08-16 14:38:27,052 INFO [evtable] Normalized 231 EV records
2025-08-16 14:38:36,771 INFO [sentence_transformers.SentenceTransformer] Use pytorch device_name: cpu
2025-08-16 14:38:36,772 INFO [sentence_transformers.SentenceTransformer] Load pretrained SentenceTransformer: sentence-transformers/all-MiniLM-L6-v2
2025-08-16 14:38:40,075 INFO [nlp] Semantic embedder loaded.
2025-08-16 14:38:41,910 INFO [routes.search] Search routes ready (catalog + embeddings prepared).
2025-08-16 14:38:41,927 INFO [httpx] HTTP Request: GET http://test/debug/search?search_query=audi+q4&sort=score_desc "HTTP/1.1 200 OK"
2025-08-16 14:38:41,935 INFO [httpx] HTTP Request: GET http://test/debug/search?search_query=awd+suv+under+60000+5+seats&drivetrain=awd4&is_suv=true "HTTP/1.1 200 OK"
2025-08-16 14:38:41,940 INFO [httpx] HTTP Request: GET http://test/debug/search?search_query=suv+under+45k "HTTP/1.1 200 OK"
2025-08-16 14:38:41,965 INFO [httpx] HTTP Request: GET http://test/debug/search?search_query=over+200+mi+range "HTTP/1.1 200 OK"
2025-08-16 14:38:41,979 INFO [httpx] HTTP Request: GET http://test/debug/search?search_query=7+seats+crossover "HTTP/1.1 200 OK"
2025-08-16 14:38:41,999 INFO [httpx] HTTP Request: GET http://test/debug/search?search_query=hatchback+under+40k&drivetrain=fwd "HTTP/1.1 200 OK"
2025-08-16 14:38:42,020 INFO [httpx] HTTP Request: GET http://test/debug/search?search_query=fast+charge+150+kW+suv "HTTP/1.1 200 OK"
2025-08-16 14:38:42,046 INFO [httpx] HTTP Request: GET http://test/debug/search?search_query=ioniq "HTTP/1.1 200 OK"
2025-08-16 14:38:42,071 INFO [httpx] HTTP Request: GET http://test/debug/search?search_query=audi+q4 "HTTP/1.1 200 OK"
2025-08-16 14:38:42,077 INFO [httpx] HTTP Request: GET http://test/debug/search?search_query=suv&sort=price_per_km_asc "HTTP/1.1 200 OK"
2025-08-16 14:38:42,079 INFO [httpx] HTTP Request: GET http://test/debug/search?search_query=suv&sort=price_per_km_asc "HTTP/1.1 200 OK"
2025-08-16 14:38:42,085 INFO [httpx] HTTP Request: GET http://test/debug/search?search_query=under+60k&drivetrain=awd4 "HTTP/1.1 200 OK"
2025-08-16 14:38:42,091 INFO [httpx] HTTP Request: GET http://test/debug/search?search_query=under+60k "HTTP/1.1 200 OK"
2025-08-16 14:38:42,093 INFO [httpx] HTTP Request: GET http://test/debug/search?search_query=under+60k&drivetrain=awd4 "HTTP/1.1 200 OK"
2025-08-16 14:38:42,101 INFO [httpx] HTTP Request: GET http://test/debug/search?search_query=&sort=score_desc "HTTP/1.1 200 OK"
2025-08-16 14:38:42,104 INFO [httpx] HTTP Request: GET http://test/debug/search?search_query=&sort=score_desc "HTTP/1.1 200 OK"
2025-08-16 14:41:44,519 INFO [httpx] HTTP Request: GET https://evtable.com/all-manual-2024-03-09-1.js "HTTP/1.1 200 OK"
2025-08-16 14:41:44,584 INFO [evtable] Normalized 231 EV records
2025-08-16 14:41:52,586 INFO [sentence_transformers.SentenceTransformer] Use pytorch device_name: cpu
2025-08-16 14:41:52,587 INFO [sentence_transformers.SentenceTransformer] Load pretrained SentenceTransformer: sentence-transformers/all-MiniLM-L6-v2
2025-08-16 14:41:55,211 INFO [nlp] Semantic embedder loaded.
2025-08-16 14:41:56,418 INFO [routes.search] Search routes ready (catalog + embeddings prepared).
2025-08-16 14:41:56,442 INFO [httpx] HTTP Request: GET http://test/debug/search?search_query=audi+q4&sort=score_desc "HTTP/1.1 200 OK"
2025-08-16 14:41:56,453 INFO [httpx] HTTP Request: GET http://test/debug/search?search_query=awd+suv+under+60000+5+seats&drivetrain=awd4&is_suv=true "HTTP/1.1 200 OK"
2025-08-16 14:41:56,458 INFO [httpx] HTTP Request: GET http://test/debug/search?search_query=suv+under+45k "HTTP/1.1 200 OK"
2025-08-16 14:41:56,485 INFO [httpx] HTTP Request: GET http://test/debug/search?search_query=over+200+mi+range "HTTP/1.1 200 OK"
2025-08-16 14:41:56,492 INFO [httpx] HTTP Request: GET http://test/debug/search?search_query=7+seats+crossover "HTTP/1.1 200 OK"
2025-08-16 14:41:56,516 INFO [httpx] HTTP Request: GET http://test/debug/search?search_query=hatchback+under+40k&drivetrain=fwd "HTTP/1.1 200 OK"
2025-08-16 14:41:56,540 INFO [httpx] HTTP Request: GET http://test/debug/search?search_query=fast+charge+150+kW+suv "HTTP/1.1 200 OK"
2025-08-16 14:41:56,565 INFO [httpx] HTTP Request: GET http://test/debug/search?search_query=ioniq "HTTP/1.1 200 OK"
2025-08-16 14:41:56,593 INFO [httpx] HTTP Request: GET http://test/debug/search?search_query=audi+q4 "HTTP/1.1 200 OK"
2025-08-16 14:41:56,600 INFO [httpx] HTTP Request: GET http://test/debug/search?search_query=suv&sort=price_per_km_asc "HTTP/1.1 200 OK"
2025-08-16 14:41:56,604 INFO [httpx] HTTP Request: GET http://test/debug/search?search_query=suv&sort=price_per_km_asc "HTTP/1.1 200 OK"
2025-08-16 14:41:56,610 INFO [httpx] HTTP Request: GET http://test/debug/search?search_query=under+60k&drivetrain=awd4 "HTTP/1.1 200 OK"
2025-08-16 14:41:56,617 INFO [httpx] HTTP Request: GET http://test/debug/search?search_query=under+60k "HTTP/1.1 200 OK"
2025-08-16 14:41:56,620 INFO [httpx] HTTP Request: GET http://test/debug/search?search_query=under+60k&drivetrain=awd4 "HTTP/1.1 200 OK"
2025-08-16 14:41:56,628 INFO [httpx] HTTP Request: GET http://test/debug/search?search_query=&sort=score_desc "HTTP/1.1 200 OK"
2025-08-16 14:41:56,630 INFO [httpx] HTTP Request: GET http://test/debug/search?search_query=&sort=score_desc "HTTP/1.1 200 OK"
2025-08-16 14:45:09,461 INFO [httpx] HTTP Request: GET https://evtable.com/all-manual-2024-03-09-1.js "HTTP/1.1 200 OK"
2025-08-16 14:45:09,531 INFO [evtable] Normalized 231 EV records
2025-08-16 14:45:09,537 INFO [httpx] HTTP Request: GET http://test/debug/search?search_query=audi+q4&sort=score_desc "HTTP/1.1 200 OK"
2025-08-16 14:45:09,545 INFO [httpx] HTTP Request: GET http://test/debug/search?search_query=awd+suv+under+60000+5+seats&drivetrain=awd4&is_suv=true "HTTP/1.1 200 OK"
2025-08-16 14:45:09,551 INFO [httpx] HTTP Request: GET http://test/debug/search?search_query=suv+under+45k "HTTP/1.1 200 OK"
2025-08-16 14:45:09,558 INFO [httpx] HTTP Request: GET http://test/debug/search?search_query=over+200+mi+range "HTTP/1.1 200 OK"
2025-08-16 14:45:09,565 INFO [httpx] HTTP Request: GET http://test/debug/search?search_query=7+seats+crossover "HTTP/1.1 200 OK"
2025-08-16 14:45:09,573 INFO [httpx] HTTP Request: GET http://test/debug/search?search_query=hatchback+under+40k&drivetrain=fwd "HTTP/1.1 200 OK"
2025-08-16 14:45:09,583 INFO [httpx] HTTP Request: GET http://test/debug/search?search_query=fast+charge+150+kW+suv "HTTP/1.1 200 OK"
2025-08-16 14:45:09,590 INFO [httpx] HTTP Request: GET http://test/debug/search?search_query=ioniq "HTTP/1.1 200 OK"
2025-08-16 14:45:09,599 INFO [httpx] HTTP Request: GET http://test/debug/search?search_query=audi+q4 "HTTP/1.1 200 OK"
2025-08-16 14:45:09,605 INFO [httpx] HTTP Request: GET http://test/debug/search?search_query=suv&sort=price_per_km_asc "HTTP/1.1 200 OK"
2025-08-16 14:45:09,607 INFO [httpx] HTTP Request: GET http://test/debug/search?search_query=suv&sort=price_per_km_asc "HTTP/1.1 200 OK"
2025-08-16 14:45:09,613 INFO [httpx] HTTP Request: GET http://test/debug/search?search_query=under+60k&drivetrain=awd4 "HTTP/1.1 200 OK"
2025-08-16 14:45:09,620 INFO [httpx] HTTP Request: GET http://test/debug/search?search_query=under+60k "HTTP/1.1 200 OK"
2025-08-16 14:45:09,621 INFO [httpx] HTTP Request: GET http://test/debug/search?search_query=under+60k&drivetrain=awd4 "HTTP/1.1 200 OK"
2025-08-16 14:45:09,630 INFO [httpx] HTTP Request: GET http://test/debug/search?search_query=&sort=score_desc "HTTP/1.1 200 OK"
2025-08-16 14:45:09,632 INFO [httpx] HTTP Request: GET http://test/debug/search?search_query=&sort=score_desc "HTTP/1.1 200 OK"
